-- phpMyAdmin SQL Dump
-- version 5.0.1
-- https://www.phpmyadmin.net/
--
-- Host: 127.0.0.1
-- Generation Time: Mar 30, 2020 at 05:43 PM
-- Server version: 10.4.11-MariaDB
-- PHP Version: 7.2.27

SET SQL_MODE = "NO_AUTO_VALUE_ON_ZERO";
SET AUTOCOMMIT = 0;
START TRANSACTION;
SET time_zone = "+00:00";


/*!40101 SET @OLD_CHARACTER_SET_CLIENT=@@CHARACTER_SET_CLIENT */;
/*!40101 SET @OLD_CHARACTER_SET_RESULTS=@@CHARACTER_SET_RESULTS */;
/*!40101 SET @OLD_COLLATION_CONNECTION=@@COLLATION_CONNECTION */;
/*!40101 SET NAMES utf8mb4 */;

--
-- Database: `webforum`
--

-- --------------------------------------------------------

--
-- Table structure for table `adm_authorities`
--

CREATE TABLE `adm_authorities` (
  `FID` int(10) NOT NULL,
  `DESCRIPTION` varchar(3000) NOT NULL,
  `ORDER_ID` int(10) NOT NULL,
  `AUTH_KEY` int(1) NOT NULL,
  `CREATE_BY` varchar(50) NOT NULL,
  `UPDATE_BY` varchar(50) NOT NULL,
  `GEN_DATE` timestamp NULL DEFAULT NULL,
  `LAST_UPDATED` timestamp NULL DEFAULT NULL,
  `ID` int(10) NOT NULL,
  `AUTHORITY` varchar(200) NOT NULL
) ENGINE=InnoDB DEFAULT CHARSET=utf8;

--
-- Dumping data for table `adm_authorities`
--

INSERT INTO `adm_authorities` (`FID`, `DESCRIPTION`, `ORDER_ID`, `AUTH_KEY`, `CREATE_BY`, `UPDATE_BY`, `GEN_DATE`, `LAST_UPDATED`, `ID`, `AUTHORITY`) VALUES
(0, 'Quản trị người dùng', 1, 1, 'admin', 'admin', '2017-12-27 03:13:05', '2017-12-27 03:13:05', 9, 'ROLE_SYSTEM_USER'),
(9, 'Thêm người dùng', 1, 1, 'admin', 'admin', '2017-12-27 03:13:05', '2017-12-27 03:13:05', 10, 'ROLE_SYSTEM_USER_ADD'),
(9, 'Xem người dùng', 1, 1, 'admin', 'admin', '2017-12-27 03:13:05', '2017-12-27 03:13:05', 11, 'ROLE_SYSTEM_USER_VIEW'),
(9, 'Sửa người dùng', 1, 1, 'admin', 'admin', '2017-12-27 03:13:05', '2017-12-27 03:13:05', 12, 'ROLE_SYSTEM_USER_EDIT'),
(0, 'Quản trị log hệ thống', 4, 1, 'admin', 'admin', '2017-12-27 03:13:05', '2017-12-27 03:13:05', 7, 'ROLE_SYSTEM_LOG'),
(7, 'Xem log hệ thống', 4, 1, 'admin', 'admin', '2017-12-27 03:13:05', '2017-12-27 03:13:05', 8, 'ROLE_SYSTEM_LOG_VIEW'),
(0, 'Quản trị nhóm quyền', 3, 1, 'admin', 'admin', '2017-12-27 03:13:05', '2017-12-27 03:13:05', 14, 'ROLE_SYSTEM_GROUP'),
(14, 'Xem danh sách nhóm quyền', 3, 1, 'admin', 'admin', '2017-12-27 03:13:05', '2017-12-27 03:13:05', 15, 'ROLE_SYSTEM_GROUP_VIEW'),
(14, 'Thêm nhóm quyền', 3, 1, 'admin', 'admin', '2017-12-27 03:13:05', '2017-12-27 03:13:05', 16, 'ROLE_SYSTEM_GROUP_ADD'),
(14, 'Sửa nhóm quyền', 3, 1, 'admin', 'admin', '2017-12-27 03:13:05', '2017-12-27 03:13:05', 17, 'ROLE_SYSTEM_GROUP_EDIT'),
(14, 'Xóa nhóm quyền', 3, 1, 'admin', 'admin', '2017-12-27 03:13:05', '2017-12-27 03:13:05', 18, 'ROLE_SYSTEM_GROUP_DELETE'),
(9, 'Phân quyền người dùng', 1, 1, 'admin', 'admin', '2017-12-27 03:13:05', '2017-12-27 03:13:05', 34, 'ROLE_SYSTEM_USER_AUTHORITY'),
(0, 'Bài Viết', 19, 1, 'admin', 'admin', '2017-12-27 03:13:05', '2017-12-27 03:13:05', 73, 'ROLE_CONTENT_ARTICLE'),
(73, 'duyệt bài viết', 19, 1, 'admin', 'admin', '2019-07-16 03:56:20', '2019-07-16 03:56:22', 74, 'ROLE_CONTENT_ARTICLE_BROWSE'),
(73, 'Xem bài biết', 19, 1, 'admin', 'admin', '2017-12-27 03:13:05', '2017-12-27 03:13:05', 75, 'ROLE_CONTENT_ARTICLE_VIEW'),
(73, 'Thêm bài viết', 19, 1, 'admin', 'admin', '2017-12-27 03:13:05', '2017-12-27 03:13:05', 76, 'ROLE_CONTENT_ARTICLE_ADD'),
(73, 'Sửa bài viết', 19, 1, 'admin', 'admin', '2017-12-27 03:13:05', '2017-12-27 03:13:05', 77, 'ROLE_CONTENT_ARTICLE_EDIT'),
(73, 'Xóa bài viết', 19, 1, 'admin', 'admin', '2017-12-27 03:13:05', '2017-12-27 03:13:05', 78, 'ROLE_CONTENT_ARTICLE_DELETE'),
(0, 'Quản trị người chơi', 20, 1, 'admin', 'admin', '2017-12-26 20:13:05', '2017-12-26 20:13:05', 80, 'ROLE_CUSTOMER_MANAGER'),
(80, 'Xem danh sách người chơi', 1, 1, 'admin', 'admin', '2017-12-26 20:13:05', '2017-12-26 20:13:05', 81, 'ROLE_CUSTOMER_VIEW'),
(80, 'Xem danh sách người chơi', 1, 1, 'admin', 'admin', '2017-12-26 20:13:05', '2017-12-26 20:13:05', 82, 'ROLE_CUSTOMER_BLOCK'),
(0, 'Cấu hình thẻ nạp', 21, 1, 'admin', 'admin', '2020-03-17 15:08:57', '2020-03-17 15:08:57', 83, 'ROLE_CONFIG_CARD'),
(83, 'Cập nhật tỷ lệ thẻ nạp', 21, 1, 'admin', 'admin', '2020-03-17 15:08:57', '2020-03-17 15:08:57', 84, 'ROLE_CONFIG_UPDATE_CARD');



-- --------------------------------------------------------

--
-- Table structure for table `adm_group`
--

CREATE TABLE `adm_group` (
  `ID` int(10) NOT NULL,
  `GROUP_NAME` varchar(100) NOT NULL,
  `STATUS` int(1) NOT NULL,
  `AUTHORITY` varchar(1000) DEFAULT NULL,
  `DESCRIPTION` varchar(200) DEFAULT NULL,
  `CREATE_BY` varchar(50) NOT NULL,
  `GEN_DATE` timestamp NULL DEFAULT NULL,
  `UPDATE_BY` varchar(50) DEFAULT NULL,
  `LAST_UPDATED` timestamp NULL DEFAULT NULL
) ENGINE=InnoDB DEFAULT CHARSET=utf8;

--
-- Dumping data for table `adm_group`
--

INSERT INTO `adm_group` (`ID`, `GROUP_NAME`, `STATUS`, `AUTHORITY`, `DESCRIPTION`, `CREATE_BY`, `GEN_DATE`, `UPDATE_BY`, `LAST_UPDATED`) VALUES
(1, 'Quản trị hệ thống', 1, '', 'Quản trị viên', 'admin', '2018-04-02 02:54:27', 'admin', '2020-03-17 08:28:13'),
(420, 'Đăng tải bài viết', 1, NULL, NULL, 'admin', '2020-03-06 01:23:19', 'admin', '2020-03-06 01:30:11');

-- --------------------------------------------------------

--
-- Table structure for table `adm_group_authorities`
--

CREATE TABLE `adm_group_authorities` (
  `GROUP_ID` int(10) NOT NULL,
  `AUTHORITY` int(10) NOT NULL,
  `CREATE_BY` varchar(50) NOT NULL,
  `GEN_DATE` timestamp NULL DEFAULT NULL
) ENGINE=InnoDB DEFAULT CHARSET=utf8;

--
-- Dumping data for table `adm_group_authorities`
--

INSERT INTO `adm_group_authorities` (`GROUP_ID`, `AUTHORITY`, `CREATE_BY`, `GEN_DATE`) VALUES
(1, 7, 'admin', '2020-03-17 08:28:19'),
(1, 8, 'admin', '2020-03-17 08:28:19'),
(1, 9, 'admin', '2020-03-17 08:28:19'),
(1, 10, 'admin', '2020-03-17 08:28:19'),
(1, 11, 'admin', '2020-03-17 08:28:19'),
(1, 12, 'admin', '2020-03-17 08:28:19'),
(1, 14, 'admin', '2020-03-17 08:28:19'),
(1, 15, 'admin', '2020-03-17 08:28:19'),
(1, 16, 'admin', '2020-03-17 08:28:19'),
(1, 17, 'admin', '2020-03-17 08:28:19'),
(1, 18, 'admin', '2020-03-17 08:28:19'),
(1, 34, 'admin', '2020-03-17 08:28:19'),
(1, 73, 'admin', '2020-03-17 08:28:19'),
(1, 74, 'admin', '2020-03-17 08:28:19'),
(1, 75, 'admin', '2020-03-17 08:28:19'),
(1, 76, 'admin', '2020-03-17 08:28:19'),
(1, 77, 'admin', '2020-03-17 08:28:19'),
(1, 78, 'admin', '2020-03-17 08:28:19'),
(1, 80, 'admin', '2020-03-17 08:28:19'),
(1, 81, 'admin', '2020-03-17 08:28:19'),
(1, 82, 'admin', '2020-03-17 08:28:19'),
(1, 83, 'admin', '2020-03-17 08:28:19'),
(1, 84, 'admin', '2020-03-17 08:28:19'),
(420, 75, 'admin', '2020-03-06 01:30:14'),
(420, 76, 'admin', '2020-03-06 01:30:14');

-- --------------------------------------------------------

--
-- Table structure for table `adm_group_user`
--

CREATE TABLE `adm_group_user` (
  `GROUP_ID` int(10) NOT NULL,
  `USER_ID` int(10) NOT NULL,
  `CREATE_BY` varchar(50) NOT NULL,
  `GEN_DATE` timestamp NULL DEFAULT NULL
) ENGINE=InnoDB DEFAULT CHARSET=utf8;

--
-- Dumping data for table `adm_group_user`
--

INSERT INTO `adm_group_user` (`GROUP_ID`, `USER_ID`, `CREATE_BY`, `GEN_DATE`) VALUES
(1, 1, 'admin', '2019-08-25 16:56:19'),
(420, 729, 'admin', '2020-03-06 01:29:08');

-- --------------------------------------------------------

--
-- Table structure for table `adm_log_access`
--

CREATE TABLE `adm_log_access` (
  `ID` int(10) NOT NULL,
  `USER_ID` int(10) NOT NULL,
  `MODULE_ID` varchar(100) NOT NULL,
  `IP` varchar(100) NOT NULL,
  `ACTIONS` varchar(200) NOT NULL,
  `GEN_DATE` timestamp NULL DEFAULT NULL
) ENGINE=InnoDB DEFAULT CHARSET=utf8;

--
-- Dumping data for table `adm_log_access`
--

INSERT INTO `adm_log_access` (`ID`, `USER_ID`, `MODULE_ID`, `IP`, `ACTIONS`, `GEN_DATE`) VALUES
(1, 1, 'Hệ thống', '0:0:0:0:0:0:0:1', 'Đăng nhập', '2019-06-03 07:21:28'),
(2, 1, 'Chuyên mục bài viết', '0:0:0:0:0:0:0:1', 'Thêm chuyên mục. Id:9064', '2019-06-03 07:21:56'),
(3, 1, 'Chuyên mục bài viết', '0:0:0:0:0:0:0:1', 'Sửa Chuyên mục, Id:9064', '2019-06-03 07:22:24'),
(4, 1, 'Hệ thống', '0:0:0:0:0:0:0:1', 'Đăng nhập', '2019-06-03 07:32:10'),
(5, 1, 'Hệ thống', '0:0:0:0:0:0:0:1', 'Đăng nhập', '2019-06-03 07:47:32'),
(6, 1, 'Bài viết', '0:0:0:0:0:0:0:1', 'Thêm bài viết. Id:1', '2019-06-03 07:48:39'),
(7, 1, 'Hệ thống', '0:0:0:0:0:0:0:1', 'Đăng nhập', '2019-06-03 07:50:01'),
(8, 1, 'Bài viết', '0:0:0:0:0:0:0:1', 'Sửa bài viết, Id:1', '2019-06-03 07:50:35'),
(10, 1, 'User', '0:0:0:0:0:0:0:1', 'Thêm người dùng', '2019-06-03 08:13:25'),
(11, 1, 'Hệ thống', '0:0:0:0:0:0:0:1', 'Đăng xuất sessionTimeout', '2019-06-03 08:15:25'),
(12, 1, 'Hệ thống', '0:0:0:0:0:0:0:1', 'Đăng xuất sessionTimeout', '2019-06-03 08:19:25'),
(13, 700, 'Hệ thống', '0:0:0:0:0:0:0:1', 'Đăng nhập', '2019-06-03 08:40:54'),
(14, 700, 'Hệ thống', '0:0:0:0:0:0:0:1', 'Đăng xuất sessionTimeout', '2019-06-03 08:41:05'),
(15, 700, 'Hệ thống', '0:0:0:0:0:0:0:1', 'Đăng xuất', '2019-06-03 08:41:05'),
(16, 1, 'Hệ thống', '0:0:0:0:0:0:0:1', 'Đăng nhập', '2019-06-03 08:41:09'),
(17, 1, 'Hệ thống', '0:0:0:0:0:0:0:1', 'Đăng xuất sessionTimeout', '2019-06-03 08:41:49'),
(18, 1, 'Hệ thống', '0:0:0:0:0:0:0:1', 'Đăng xuất', '2019-06-03 08:41:49'),
(19, 700, 'Hệ thống', '0:0:0:0:0:0:0:1', 'Đăng nhập', '2019-06-03 08:41:57'),
(20, 1, 'Hệ thống', '0:0:0:0:0:0:0:1', 'Đăng nhập', '2019-06-04 07:35:32'),
(21, 1, 'Hệ thống', '0:0:0:0:0:0:0:1', 'Đăng xuất sessionTimeout', '2019-06-04 08:06:48'),
(22, 1, 'Hệ thống', '0:0:0:0:0:0:0:1', 'Đăng nhập', '2019-06-04 08:45:20'),
(23, 1, 'Hệ thống', '0:0:0:0:0:0:0:1', 'Đăng xuất sessionTimeout', '2019-06-04 09:23:49'),
(24, 1, 'Hệ thống', '0:0:0:0:0:0:0:1', 'Đăng xuất', '2019-06-04 09:23:49'),
(25, 1, 'Hệ thống', '0:0:0:0:0:0:0:1', 'Đăng nhập', '2019-06-04 09:23:52'),
(26, 1, 'Hệ thống', '0:0:0:0:0:0:0:1', 'Đăng xuất sessionTimeout', '2019-06-04 09:26:27'),
(27, 1, 'Hệ thống', '0:0:0:0:0:0:0:1', 'Đăng xuất', '2019-06-04 09:26:27'),
(28, 1, 'Hệ thống', '0:0:0:0:0:0:0:1', 'Đăng nhập', '2019-06-04 09:26:31'),
(29, 1, 'Hệ thống', '0:0:0:0:0:0:0:1', 'Đăng nhập', '2019-06-04 09:36:47'),
(30, 1, 'Hệ thống', '0:0:0:0:0:0:0:1', 'Đăng nhập', '2019-06-04 09:47:03'),
(31, 1, 'Hệ thống', '0:0:0:0:0:0:0:1', 'Đăng nhập', '2019-06-04 09:55:32'),
(32, 1, 'Hệ thống', '0:0:0:0:0:0:0:1', 'Đăng nhập', '2019-06-04 10:24:43'),
(33, 1, 'Hệ thống', '0:0:0:0:0:0:0:1', 'Đăng nhập', '2019-06-04 10:25:04'),
(34, 1, 'Hệ thống', '0:0:0:0:0:0:0:1', 'Đăng xuất sessionTimeout', '2019-06-04 10:26:22'),
(35, 1, 'Hệ thống', '0:0:0:0:0:0:0:1', 'Đăng nhập', '2019-06-04 10:26:29'),
(36, 1, 'Chuyên mục bài viết', '0:0:0:0:0:0:0:1', 'Sửa Chuyên mục, Id:9064', '2019-06-04 10:27:39'),
(37, 1, 'Chuyên mục bài viết', '0:0:0:0:0:0:0:1', 'Thêm chuyên mục. Id:9065', '2019-06-04 10:28:20'),
(38, 1, 'Chuyên mục bài viết', '0:0:0:0:0:0:0:1', 'Thêm chuyên mục. Id:9066', '2019-06-04 10:28:53'),
(39, 1, 'Bài viết', '0:0:0:0:0:0:0:1', 'Sửa bài viết, Id:1', '2019-06-04 10:36:10'),
(40, 1, 'Hệ thống', '0:0:0:0:0:0:0:1', 'Đăng xuất sessionTimeout', '2019-06-04 10:55:53'),
(41, 1, 'Hệ thống', '0:0:0:0:0:0:0:1', 'Đăng xuất sessionTimeout', '2019-06-04 10:55:53'),
(42, 1, 'Hệ thống', '0:0:0:0:0:0:0:1', 'Đăng xuất sessionTimeout', '2019-06-05 01:14:26'),
(43, 1, 'Hệ thống', '0:0:0:0:0:0:0:1', 'Đăng nhập', '2019-06-05 01:19:16'),
(44, 1, 'Bài viết', '0:0:0:0:0:0:0:1', 'Thêm bài viết. Id:2', '2019-06-05 01:20:03'),
(45, 1, 'Bài viết', '0:0:0:0:0:0:0:1', 'Sửa bài viết, Id:2', '2019-06-05 01:41:56'),
(46, 1, 'Bài viết', '0:0:0:0:0:0:0:1', 'Thêm bài viết. Id:3', '2019-06-05 01:48:09'),
(47, 1, 'Hệ thống', '0:0:0:0:0:0:0:1', 'Đăng xuất sessionTimeout', '2019-06-05 02:24:38'),
(48, 1, 'Hệ thống', '0:0:0:0:0:0:0:1', 'Đăng nhập', '2019-06-05 04:40:39'),
(49, 1, 'Hệ thống', '0:0:0:0:0:0:0:1', 'Đăng xuất sessionTimeout', '2019-06-05 06:31:33'),
(50, 1, 'Hệ thống', '0:0:0:0:0:0:0:1', 'Đăng nhập', '2019-06-05 17:17:12'),
(51, 1, 'Hệ thống', '0:0:0:0:0:0:0:1', 'Đăng xuất sessionTimeout', '2019-06-06 00:49:09'),
(52, 1, 'Hệ thống', '0:0:0:0:0:0:0:1', 'Đăng nhập', '2019-06-06 06:48:23'),
(53, 1, 'Hệ thống', '0:0:0:0:0:0:0:1', 'Đăng xuất sessionTimeout', '2019-06-06 07:28:50'),
(54, 1, 'Hệ thống', '0:0:0:0:0:0:0:1', 'Đăng nhập', '2019-06-11 08:36:54'),
(55, 1, 'Hệ thống', '0:0:0:0:0:0:0:1', 'Đăng nhập', '2019-06-11 08:44:38'),
(56, 1, 'Hệ thống', '0:0:0:0:0:0:0:1', 'Đăng xuất sessionTimeout', '2019-06-11 09:15:09'),
(57, 1, 'Hệ thống', '0:0:0:0:0:0:0:1', 'Đăng nhập', '2019-06-11 09:22:58'),
(58, 1, 'Hệ thống', '0:0:0:0:0:0:0:1', 'Đăng nhập', '2019-06-11 09:52:04'),
(59, 1, 'Hệ thống', '0:0:0:0:0:0:0:1', 'Đăng nhập', '2019-06-11 09:52:17'),
(60, 1, 'Hệ thống', '0:0:0:0:0:0:0:1', 'Đăng xuất sessionTimeout', '2019-06-11 10:20:49'),
(61, 1, 'Hệ thống', '0:0:0:0:0:0:0:1', 'Đăng xuất', '2019-06-11 10:21:33'),
(62, 1, 'Hệ thống', '0:0:0:0:0:0:0:1', 'Đăng nhập', '2019-06-11 10:21:41'),
(63, 1, 'Hệ thống', '0:0:0:0:0:0:0:1', 'Đăng xuất sessionTimeout', '2019-06-11 10:22:24'),
(64, 1, 'Hệ thống', '0:0:0:0:0:0:0:1', 'Đăng xuất sessionTimeout', '2019-06-11 10:24:03'),
(65, 1, 'Hệ thống', '0:0:0:0:0:0:0:1', 'Đăng xuất', '2019-06-11 10:24:03'),
(66, 1, 'Hệ thống', '0:0:0:0:0:0:0:1', 'Đăng nhập', '2019-06-11 10:24:08'),
(67, 1, 'Hệ thống', '0:0:0:0:0:0:0:1', 'Đăng nhập', '2019-06-11 10:32:34'),
(68, 1, 'Hệ thống', '0:0:0:0:0:0:0:1', 'Đăng nhập', '2019-06-12 01:50:16'),
(69, 1, 'Hệ thống', '0:0:0:0:0:0:0:1', 'Đăng xuất sessionTimeout', '2019-06-12 02:39:11'),
(70, 1, 'Hệ thống', '0:0:0:0:0:0:0:1', 'Đăng nhập', '2019-06-12 03:03:47'),
(71, 1, 'Hệ thống', '0:0:0:0:0:0:0:1', 'Đăng nhập', '2019-06-12 07:33:22'),
(72, 1, 'Hệ thống', '0:0:0:0:0:0:0:1', 'Đăng nhập', '2019-06-12 08:12:33'),
(73, 1, 'Hệ thống', '0:0:0:0:0:0:0:1', 'Đăng nhập', '2019-06-12 08:48:20'),
(74, 1, 'Hệ thống', '0:0:0:0:0:0:0:1', 'Đăng nhập', '2019-06-12 08:58:02'),
(75, 1, 'Hệ thống', '0:0:0:0:0:0:0:1', 'Đăng nhập', '2019-06-12 09:34:17'),
(76, 1, 'Hệ thống', '0:0:0:0:0:0:0:1', 'Đăng nhập', '2019-06-12 09:54:28'),
(77, 1, 'Hệ thống', '0:0:0:0:0:0:0:1', 'Đăng nhập', '2019-06-12 10:41:57'),
(78, 1, 'Hệ thống', '0:0:0:0:0:0:0:1', 'Đăng nhập', '2019-06-12 10:41:57'),
(79, 1, 'Hệ thống', '0:0:0:0:0:0:0:1', 'Đăng xuất sessionTimeout', '2019-06-12 11:48:24'),
(80, 1, 'Hệ thống', '0:0:0:0:0:0:0:1', 'Đăng nhập', '2019-06-13 03:01:07'),
(81, 1, 'Hệ thống', '0:0:0:0:0:0:0:1', 'Đăng nhập', '2019-06-13 03:21:52'),
(82, 1, 'Chuyên mục bài viết', '0:0:0:0:0:0:0:1', 'Thêm chuyên mục. Id:9067', '2019-06-13 03:29:57'),
(83, 1, 'Chuyên mục bài viết', '0:0:0:0:0:0:0:1', 'Thêm chuyên mục. Id:9068', '2019-06-13 03:30:02'),
(84, 1, 'Chuyên mục bài viết', '0:0:0:0:0:0:0:1', 'Thêm chuyên mục. Id:9069', '2019-06-13 03:30:08'),
(85, 1, 'Chuyên mục bài viết', '0:0:0:0:0:0:0:1', 'Thêm chuyên mục. Id:9070', '2019-06-13 03:30:12'),
(86, 1, 'Chuyên mục bài viết', '0:0:0:0:0:0:0:1', 'Thêm chuyên mục. Id:9071', '2019-06-13 03:30:18'),
(87, 1, 'Chuyên mục bài viết', '0:0:0:0:0:0:0:1', 'Thêm chuyên mục. Id:9072', '2019-06-13 03:30:22'),
(88, 1, 'Chuyên mục bài viết', '0:0:0:0:0:0:0:1', 'Thêm chuyên mục. Id:9073', '2019-06-13 03:30:27'),
(89, 1, 'Chuyên mục bài viết', '0:0:0:0:0:0:0:1', 'Thêm chuyên mục. Id:9074', '2019-06-13 03:30:31'),
(90, 1, 'Chuyên mục bài viết', '0:0:0:0:0:0:0:1', 'Thêm chuyên mục. Id:9075', '2019-06-13 03:30:38'),
(91, 1, 'Chuyên mục bài viết', '0:0:0:0:0:0:0:1', 'Thêm chuyên mục. Id:9076', '2019-06-13 03:30:43'),
(92, 1, 'Chuyên mục bài viết', '0:0:0:0:0:0:0:1', 'Thêm chuyên mục. Id:9077', '2019-06-13 03:30:47'),
(93, 1, 'Chuyên mục bài viết', '0:0:0:0:0:0:0:1', 'Thêm chuyên mục. Id:9078', '2019-06-13 03:30:51'),
(94, 1, 'Chuyên mục bài viết', '0:0:0:0:0:0:0:1', 'Thêm chuyên mục. Id:9079', '2019-06-13 03:30:58'),
(95, 1, 'Chuyên mục bài viết', '0:0:0:0:0:0:0:1', 'Thêm chuyên mục. Id:9080', '2019-06-13 03:31:02'),
(96, 1, 'Chuyên mục bài viết', '0:0:0:0:0:0:0:1', 'Thêm chuyên mục. Id:9081', '2019-06-13 03:31:06'),
(97, 1, 'Chuyên mục bài viết', '0:0:0:0:0:0:0:1', 'Thêm chuyên mục. Id:9082', '2019-06-13 03:31:10'),
(98, 1, 'Chuyên mục bài viết', '0:0:0:0:0:0:0:1', 'Thêm chuyên mục. Id:9083', '2019-06-13 03:31:14'),
(99, 1, 'Chuyên mục bài viết', '0:0:0:0:0:0:0:1', 'Thêm chuyên mục. Id:9084', '2019-06-13 03:31:21'),
(100, 1, 'Hệ thống', '0:0:0:0:0:0:0:1', 'Đăng nhập', '2019-06-13 03:39:39'),
(101, 1, 'Hệ thống', '0:0:0:0:0:0:0:1', 'Đăng nhập', '2019-06-13 03:58:13'),
(102, 1, 'Hệ thống', '0:0:0:0:0:0:0:1', 'Đăng nhập', '2019-06-13 04:16:50'),
(103, 1, 'Hệ thống', '0:0:0:0:0:0:0:1', 'Đăng nhập', '2019-06-13 04:30:31'),
(104, 1, 'Hệ thống', '0:0:0:0:0:0:0:1', 'Đăng nhập', '2019-06-13 04:36:16'),
(105, 1, 'Hệ thống', '0:0:0:0:0:0:0:1', 'Đăng nhập', '2019-06-13 04:42:11'),
(106, 1, 'Hệ thống', '0:0:0:0:0:0:0:1', 'Đăng nhập', '2019-06-13 04:51:55'),
(107, 1, 'Hệ thống', '0:0:0:0:0:0:0:1', 'Đăng xuất sessionTimeout', '2019-06-13 06:33:44'),
(108, 1, 'Hệ thống', '0:0:0:0:0:0:0:1', 'Đăng nhập', '2019-06-13 06:33:51'),
(109, 1, 'Hệ thống', '0:0:0:0:0:0:0:1', 'Đăng nhập', '2019-06-13 06:43:40'),
(110, 1, 'Hệ thống', '0:0:0:0:0:0:0:1', 'Đăng nhập', '2019-06-13 06:52:34'),
(111, 1, 'Hệ thống', '0:0:0:0:0:0:0:1', 'Đăng nhập', '2019-06-13 07:03:59'),
(112, 1, 'Hệ thống', '0:0:0:0:0:0:0:1', 'Đăng nhập', '2019-06-13 07:11:42'),
(113, 1, 'Hệ thống', '0:0:0:0:0:0:0:1', 'Đăng xuất sessionTimeout', '2019-06-13 07:40:36'),
(114, 1, 'Hệ thống', '0:0:0:0:0:0:0:1', 'Đăng xuất', '2019-06-13 07:40:36'),
(115, 1, 'Hệ thống', '0:0:0:0:0:0:0:1', 'Đăng nhập', '2019-06-13 07:40:40'),
(116, 1, 'Hệ thống', '0:0:0:0:0:0:0:1', 'Đăng nhập', '2019-06-13 07:42:01'),
(117, 1, 'Hệ thống', '0:0:0:0:0:0:0:1', 'Đăng nhập', '2019-06-13 07:54:52'),
(118, 1, 'Hệ thống', '0:0:0:0:0:0:0:1', 'Đăng nhập', '2019-06-13 07:58:00'),
(119, 1, 'Hệ thống', '0:0:0:0:0:0:0:1', 'Đăng nhập', '2019-06-13 08:29:23'),
(120, 1, 'Hệ thống', '0:0:0:0:0:0:0:1', 'Đăng nhập', '2019-06-13 08:36:13'),
(121, 1, 'Hệ thống', '0:0:0:0:0:0:0:1', 'Đăng xuất sessionTimeout', '2019-06-13 09:12:03'),
(122, 1, 'Hệ thống', '0:0:0:0:0:0:0:1', 'Đăng nhập', '2019-06-13 11:00:23'),
(123, 1, 'Hệ thống', '0:0:0:0:0:0:0:1', 'Đăng nhập', '2019-06-13 11:14:22'),
(124, 1, 'Hệ thống', '0:0:0:0:0:0:0:1', 'Đăng nhập', '2019-06-13 16:24:00'),
(125, 1, 'Hệ thống', '0:0:0:0:0:0:0:1', 'Đăng nhập', '2019-06-13 16:27:40'),
(126, 1, 'Hệ thống', '0:0:0:0:0:0:0:1', 'Đăng xuất sessionTimeout', '2019-06-13 16:58:22'),
(127, 1, 'Hệ thống', '0:0:0:0:0:0:0:1', 'Đăng nhập', '2019-06-14 02:20:33'),
(128, 1, 'Hệ thống', '0:0:0:0:0:0:0:1', 'Đăng nhập', '2019-06-14 02:30:11'),
(129, 1, 'Hệ thống', '0:0:0:0:0:0:0:1', 'Đăng nhập', '2019-06-14 02:44:27'),
(130, 1, 'Hệ thống', '0:0:0:0:0:0:0:1', 'Đăng nhập', '2019-06-14 02:51:49'),
(131, 1, 'Hệ thống', '0:0:0:0:0:0:0:1', 'Đăng nhập', '2019-06-14 02:59:55'),
(132, 1, 'Hệ thống', '0:0:0:0:0:0:0:1', 'Đăng xuất sessionTimeout', '2019-06-14 04:06:42'),
(133, 1, 'Hệ thống', '0:0:0:0:0:0:0:1', 'Đăng nhập', '2019-06-19 15:48:49'),
(134, 1, 'Hệ thống', '0:0:0:0:0:0:0:1', 'Đăng nhập', '2019-06-19 15:51:17'),
(135, 1, 'Hệ thống', '0:0:0:0:0:0:0:1', 'Đăng nhập', '2019-06-19 16:01:16'),
(136, 1, 'Hệ thống', '0:0:0:0:0:0:0:1', 'Đăng nhập', '2019-06-19 16:12:04'),
(137, 1, 'Hệ thống', '0:0:0:0:0:0:0:1', 'Đăng nhập', '2019-06-19 16:40:31'),
(138, 1, 'Hệ thống', '0:0:0:0:0:0:0:1', 'Đăng nhập', '2019-06-19 16:47:55'),
(139, 1, 'Hệ thống', '0:0:0:0:0:0:0:1', 'Đăng nhập', '2019-06-20 01:17:26'),
(140, 1, 'Hệ thống', '0:0:0:0:0:0:0:1', 'Đăng nhập', '2019-06-20 01:48:36'),
(141, 1, 'Hệ thống', '0:0:0:0:0:0:0:1', 'Đăng nhập', '2019-06-20 02:10:03'),
(142, 1, 'Hệ thống', '0:0:0:0:0:0:0:1', 'Đăng nhập', '2019-06-20 02:21:30'),
(143, 1, 'Hệ thống', '0:0:0:0:0:0:0:1', 'Đăng nhập', '2019-06-20 02:30:07'),
(144, 1, 'Hệ thống', '0:0:0:0:0:0:0:1', 'Đăng nhập', '2019-06-20 02:46:20'),
(145, 1, 'Hệ thống', '0:0:0:0:0:0:0:1', 'Đăng nhập', '2019-06-20 02:54:38'),
(146, 1, 'Hệ thống', '0:0:0:0:0:0:0:1', 'Đăng nhập', '2019-06-20 03:25:38'),
(147, 1, 'Hệ thống', '0:0:0:0:0:0:0:1', 'Đăng nhập', '2019-06-20 03:35:22'),
(148, 1, 'Hệ thống', '0:0:0:0:0:0:0:1', 'Đăng nhập', '2019-06-20 04:08:52'),
(149, 1, 'Hệ thống', '0:0:0:0:0:0:0:1', 'Đăng xuất sessionTimeout', '2019-06-20 06:33:17'),
(150, 1, 'Hệ thống', '0:0:0:0:0:0:0:1', 'Đăng nhập', '2019-06-20 06:37:08'),
(151, 1, 'Hệ thống', '0:0:0:0:0:0:0:1', 'Đăng nhập', '2019-06-20 07:03:16'),
(152, 1, 'Hệ thống', '0:0:0:0:0:0:0:1', 'Đăng nhập', '2019-06-20 07:07:18'),
(153, 1, 'Hệ thống', '0:0:0:0:0:0:0:1', 'Đăng nhập', '2019-06-20 07:09:53'),
(154, 1, 'Hệ thống', '0:0:0:0:0:0:0:1', 'Đăng nhập', '2019-06-20 07:29:33'),
(155, 1, 'Hệ thống', '0:0:0:0:0:0:0:1', 'Đăng nhập', '2019-06-20 09:02:40'),
(156, 1, 'Hệ thống', '0:0:0:0:0:0:0:1', 'Đăng nhập', '2019-06-20 09:05:05'),
(157, 1, 'Hệ thống', '0:0:0:0:0:0:0:1', 'Đăng nhập', '2019-06-20 09:07:47'),
(158, 1, 'Hệ thống', '0:0:0:0:0:0:0:1', 'Đăng nhập', '2019-06-20 09:14:14'),
(159, 1, 'Hệ thống', '0:0:0:0:0:0:0:1', 'Đăng nhập', '2019-06-20 09:18:17'),
(160, 1, 'Hệ thống', '0:0:0:0:0:0:0:1', 'Đăng nhập', '2019-06-20 09:25:28'),
(161, 1, 'Hệ thống', '0:0:0:0:0:0:0:1', 'Đăng nhập', '2019-06-20 09:28:00'),
(162, 1, 'Hệ thống', '0:0:0:0:0:0:0:1', 'Đăng nhập', '2019-06-20 09:30:20'),
(163, 1, 'Hệ thống', '0:0:0:0:0:0:0:1', 'Đăng nhập', '2019-06-20 09:33:52'),
(164, 1, 'Hệ thống', '0:0:0:0:0:0:0:1', 'Đăng nhập', '2019-06-20 09:39:53'),
(165, 1, 'Hệ thống', '0:0:0:0:0:0:0:1', 'Đăng xuất sessionTimeout', '2019-06-20 10:50:34'),
(166, 1, 'Hệ thống', '0:0:0:0:0:0:0:1', 'Đăng nhập', '2019-06-20 10:50:43'),
(167, 1, 'Hệ thống', '0:0:0:0:0:0:0:1', 'Đăng nhập', '2019-06-20 10:54:14'),
(168, 1, 'Hệ thống', '0:0:0:0:0:0:0:1', 'Đăng nhập', '2019-06-20 11:09:31'),
(169, 1, 'Hệ thống', '0:0:0:0:0:0:0:1', 'Đăng nhập', '2019-06-20 16:12:04'),
(170, 1, 'Hệ thống', '0:0:0:0:0:0:0:1', 'Đăng nhập', '2019-06-20 16:14:48'),
(171, 1, 'Hệ thống', '0:0:0:0:0:0:0:1', 'Đăng nhập', '2019-06-20 16:19:47'),
(172, 1, 'Hệ thống', '0:0:0:0:0:0:0:1', 'Đăng nhập', '2019-06-20 16:23:48'),
(173, 1, 'Hệ thống', '0:0:0:0:0:0:0:1', 'Đăng nhập', '2019-06-20 16:32:08'),
(174, 1, 'Hệ thống', '0:0:0:0:0:0:0:1', 'Đăng nhập', '2019-06-20 16:37:42'),
(175, 1, 'Hệ thống', '0:0:0:0:0:0:0:1', 'Đăng nhập', '2019-06-20 16:40:41'),
(176, 1, 'Hệ thống', '0:0:0:0:0:0:0:1', 'Đăng xuất sessionTimeout', '2019-06-21 01:04:27'),
(177, 1, 'Hệ thống', '0:0:0:0:0:0:0:1', 'Đăng nhập', '2019-06-21 01:05:14'),
(178, 1, 'Hệ thống', '0:0:0:0:0:0:0:1', 'Đăng nhập', '2019-06-21 01:06:05'),
(179, 1, 'Hệ thống', '0:0:0:0:0:0:0:1', 'Đăng nhập', '2019-06-21 01:08:47'),
(180, 1, 'Hệ thống', '0:0:0:0:0:0:0:1', 'Đăng nhập', '2019-06-21 01:18:10'),
(181, 1, 'Hệ thống', '0:0:0:0:0:0:0:1', 'Đăng nhập', '2019-06-21 01:19:29'),
(182, 1, 'Hệ thống', '0:0:0:0:0:0:0:1', 'Đăng nhập', '2019-06-21 01:21:33'),
(183, 1, 'Hệ thống', '0:0:0:0:0:0:0:1', 'Đăng nhập', '2019-06-21 01:33:32'),
(184, 1, 'Hệ thống', '0:0:0:0:0:0:0:1', 'Đăng nhập', '2019-06-21 02:05:25'),
(185, 1, 'Hệ thống', '0:0:0:0:0:0:0:1', 'Đăng nhập', '2019-06-21 02:08:24'),
(186, 1, 'Hệ thống', '0:0:0:0:0:0:0:1', 'Đăng nhập', '2019-06-21 02:12:18'),
(187, 1, 'Hệ thống', '0:0:0:0:0:0:0:1', 'Đăng nhập', '2019-06-21 02:17:33'),
(188, 1, 'Hệ thống', '0:0:0:0:0:0:0:1', 'Đăng nhập', '2019-06-21 02:35:27'),
(189, 1, 'Hệ thống', '0:0:0:0:0:0:0:1', 'Đăng nhập', '2019-06-21 03:02:18'),
(190, 1, 'Hệ thống', '0:0:0:0:0:0:0:1', 'Đăng nhập', '2019-06-21 03:04:44'),
(191, 1, 'Hệ thống', '0:0:0:0:0:0:0:1', 'Đăng nhập', '2019-06-21 03:40:51'),
(192, 1, 'Hệ thống', '0:0:0:0:0:0:0:1', 'Đăng nhập', '2019-06-21 03:50:43'),
(193, 1, 'Hệ thống', '0:0:0:0:0:0:0:1', 'Đăng nhập', '2019-06-21 04:20:10'),
(194, 1, 'Hệ thống', '0:0:0:0:0:0:0:1', 'Đăng nhập', '2019-06-21 04:25:16'),
(195, 1, 'Hệ thống', '0:0:0:0:0:0:0:1', 'Đăng nhập', '2019-06-21 04:50:21'),
(196, 1, 'Hệ thống', '0:0:0:0:0:0:0:1', 'Đăng xuất sessionTimeout', '2019-06-21 06:34:23'),
(197, 1, 'Hệ thống', '0:0:0:0:0:0:0:1', 'Đăng nhập', '2019-06-21 06:45:52'),
(198, 1, 'Hệ thống', '0:0:0:0:0:0:0:1', 'Đăng nhập', '2019-06-21 06:49:24'),
(199, 1, 'Hệ thống', '0:0:0:0:0:0:0:1', 'Đăng nhập', '2019-06-21 07:08:28'),
(200, 1, 'Hệ thống', '0:0:0:0:0:0:0:1', 'Đăng nhập', '2019-06-21 07:21:22'),
(201, 1, 'Hệ thống', '0:0:0:0:0:0:0:1', 'Đăng nhập', '2019-06-21 07:56:45'),
(202, 1, 'Hệ thống', '0:0:0:0:0:0:0:1', 'Đăng nhập', '2019-06-21 08:12:55'),
(203, 1, 'Hệ thống', '0:0:0:0:0:0:0:1', 'Đăng nhập', '2019-06-21 08:18:19'),
(204, 1, 'Hệ thống', '0:0:0:0:0:0:0:1', 'Đăng nhập', '2019-06-21 08:20:10'),
(205, 1, 'Tổ chức công chứng', '0:0:0:0:0:0:0:1', 'Thêm TCCC. Id:139', '2019-06-21 08:20:41'),
(206, 1, 'Hệ thống', '0:0:0:0:0:0:0:1', 'Đăng nhập', '2019-06-21 08:57:26'),
(207, 1, 'Hệ thống', '0:0:0:0:0:0:0:1', 'Đăng nhập', '2019-06-21 09:15:42'),
(208, 1, 'Hệ thống', '0:0:0:0:0:0:0:1', 'Đăng nhập', '2019-06-21 09:46:01'),
(209, 1, 'Hệ thống', '0:0:0:0:0:0:0:1', 'Đăng nhập', '2019-06-21 10:23:34'),
(210, 1, 'Hệ thống', '0:0:0:0:0:0:0:1', 'Đăng nhập', '2019-06-21 10:43:53'),
(211, 1, 'Hệ thống', '0:0:0:0:0:0:0:1', 'Đăng nhập', '2019-06-21 10:49:15'),
(212, 1, 'Hệ thống', '0:0:0:0:0:0:0:1', 'Đăng nhập', '2019-06-21 10:53:59'),
(213, 1, 'Hệ thống', '0:0:0:0:0:0:0:1', 'Đăng nhập', '2019-06-21 11:08:09'),
(214, 1, 'Hệ thống', '0:0:0:0:0:0:0:1', 'Đăng nhập', '2019-06-22 07:26:25'),
(215, 1, 'Hệ thống', '0:0:0:0:0:0:0:1', 'Đăng xuất sessionTimeout', '2019-06-22 07:58:21'),
(216, 1, 'Hệ thống', '0:0:0:0:0:0:0:1', 'Đăng nhập', '2019-06-22 07:59:42'),
(217, 1, 'Hệ thống', '0:0:0:0:0:0:0:1', 'Đăng xuất sessionTimeout', '2019-06-22 12:58:11'),
(218, 1, 'Hệ thống', '0:0:0:0:0:0:0:1', 'Đăng nhập', '2019-06-22 13:16:18'),
(219, 1, 'Hệ thống', '0:0:0:0:0:0:0:1', 'Đăng xuất sessionTimeout', '2019-06-22 15:02:12'),
(220, 1, 'Hệ thống', '0:0:0:0:0:0:0:1', 'Đăng nhập', '2019-06-22 17:43:26'),
(221, 1, 'Hệ thống', '0:0:0:0:0:0:0:1', 'Đăng nhập', '2019-06-22 17:46:56'),
(222, 1, 'Bài viết', '0:0:0:0:0:0:0:1', 'Sửa bài viết, Id:3', '2019-06-22 17:54:48'),
(223, 1, 'Bài viết', '0:0:0:0:0:0:0:1', 'Thêm bài viết. Id:4', '2019-06-22 17:56:46'),
(224, 1, 'Hệ thống', '0:0:0:0:0:0:0:1', 'Đăng nhập', '2019-06-22 18:08:54'),
(225, 1, 'Hệ thống', '0:0:0:0:0:0:0:1', 'Đăng xuất sessionTimeout', '2019-06-23 02:52:18'),
(226, 1, 'Hệ thống', '0:0:0:0:0:0:0:1', 'Đăng nhập', '2019-06-23 06:43:33'),
(227, 1, 'Hệ thống', '0:0:0:0:0:0:0:1', 'Đăng xuất sessionTimeout', '2019-06-23 07:14:24'),
(228, 1, 'Hệ thống', '0:0:0:0:0:0:0:1', 'Đăng nhập', '2019-06-23 08:43:51'),
(229, 1, 'Hệ thống', '0:0:0:0:0:0:0:1', 'Đăng nhập', '2019-06-23 09:27:41'),
(230, 1, 'Hệ thống', '0:0:0:0:0:0:0:1', 'Đăng nhập', '2019-06-23 10:34:18'),
(231, 1, 'Hệ thống', '0:0:0:0:0:0:0:1', 'Đăng xuất sessionTimeout', '2019-06-23 11:08:15'),
(232, 1, 'Hệ thống', '0:0:0:0:0:0:0:1', 'Đăng nhập', '2019-06-23 11:38:43'),
(233, 1, 'Hệ thống', '0:0:0:0:0:0:0:1', 'Đăng nhập', '2019-06-23 15:06:57'),
(234, 1, 'Hệ thống', '0:0:0:0:0:0:0:1', 'Đăng xuất sessionTimeout', '2019-06-24 00:55:55'),
(235, 1, 'Hệ thống', '0:0:0:0:0:0:0:1', 'Đăng nhập', '2019-06-24 01:05:24'),
(236, 1, 'Tổ chức công chứng', '0:0:0:0:0:0:0:1', 'Thêm TCCC. Id:140', '2019-06-24 01:06:02'),
(237, 1, 'Hệ thống', '0:0:0:0:0:0:0:1', 'Đăng nhập', '2019-06-24 04:05:43'),
(238, 1, 'Hệ thống', '0:0:0:0:0:0:0:1', 'Đăng xuất sessionTimeout', '2019-06-24 04:57:03'),
(239, 1, 'Hệ thống', '0:0:0:0:0:0:0:1', 'Đăng nhập', '2019-06-24 06:41:48'),
(240, 1, 'Bài viết', '0:0:0:0:0:0:0:1', 'Sửa bài viết, Id:4', '2019-06-24 06:42:25'),
(241, 1, 'Bài viết', '0:0:0:0:0:0:0:1', 'Sửa bài viết, Id:4', '2019-06-24 06:42:44'),
(242, 1, 'Hệ thống', '0:0:0:0:0:0:0:1', 'Đăng nhập', '2019-06-24 07:10:23'),
(243, 1, 'Bài viết', '0:0:0:0:0:0:0:1', 'Sửa bài viết, Id:4', '2019-06-24 07:11:03'),
(244, 1, 'Bài viết', '0:0:0:0:0:0:0:1', 'Sửa bài viết, Id:4', '2019-06-24 07:29:16'),
(245, 1, 'Bài viết', '0:0:0:0:0:0:0:1', 'Sửa bài viết, Id:4', '2019-06-24 07:30:37'),
(246, 1, 'Chuyên mục bài viết', '0:0:0:0:0:0:0:1', 'Xóa Chuyên mục, Id:9083', '2019-06-24 07:34:51'),
(247, 1, 'Chuyên mục bài viết', '0:0:0:0:0:0:0:1', 'Xóa Chuyên mục, Id:9078', '2019-06-24 07:34:55'),
(248, 1, 'Chuyên mục bài viết', '0:0:0:0:0:0:0:1', 'Xóa Chuyên mục, Id:9067', '2019-06-24 07:35:00'),
(249, 1, 'Chuyên mục bài viết', '0:0:0:0:0:0:0:1', 'Xóa Chuyên mục, Id:9076', '2019-06-24 07:35:05'),
(250, 1, 'Chuyên mục bài viết', '0:0:0:0:0:0:0:1', 'Xóa Chuyên mục, Id:9075', '2019-06-24 07:35:09'),
(251, 1, 'Chuyên mục bài viết', '0:0:0:0:0:0:0:1', 'Xóa Chuyên mục, Id:9068', '2019-06-24 07:35:13'),
(252, 1, 'Chuyên mục bài viết', '0:0:0:0:0:0:0:1', 'Xóa Chuyên mục, Id:9069', '2019-06-24 07:35:17'),
(253, 1, 'Chuyên mục bài viết', '0:0:0:0:0:0:0:1', 'Xóa Chuyên mục, Id:9074', '2019-06-24 07:35:21'),
(254, 1, 'Chuyên mục bài viết', '0:0:0:0:0:0:0:1', 'Xóa Chuyên mục, Id:9070', '2019-06-24 07:35:24'),
(255, 1, 'Chuyên mục bài viết', '0:0:0:0:0:0:0:1', 'Xóa Chuyên mục, Id:9077', '2019-06-24 07:35:29'),
(256, 1, 'Chuyên mục bài viết', '0:0:0:0:0:0:0:1', 'Xóa Chuyên mục, Id:9073', '2019-06-24 07:35:33'),
(257, 1, 'Chuyên mục bài viết', '0:0:0:0:0:0:0:1', 'Xóa Chuyên mục, Id:9071', '2019-06-24 07:35:37'),
(258, 1, 'Chuyên mục bài viết', '0:0:0:0:0:0:0:1', 'Xóa Chuyên mục, Id:9079', '2019-06-24 07:35:41'),
(259, 1, 'Chuyên mục bài viết', '0:0:0:0:0:0:0:1', 'Xóa Chuyên mục, Id:9080', '2019-06-24 07:35:45'),
(260, 1, 'Chuyên mục bài viết', '0:0:0:0:0:0:0:1', 'Xóa Chuyên mục, Id:9081', '2019-06-24 07:36:29'),
(261, 1, 'Chuyên mục bài viết', '0:0:0:0:0:0:0:1', 'Xóa Chuyên mục, Id:9072', '2019-06-24 07:36:34'),
(262, 1, 'Chuyên mục bài viết', '0:0:0:0:0:0:0:1', 'Xóa Chuyên mục, Id:9084', '2019-06-24 07:36:38'),
(263, 1, 'Chuyên mục bài viết', '0:0:0:0:0:0:0:1', 'Xóa Chuyên mục, Id:9082', '2019-06-24 07:36:45'),
(264, 1, 'Hệ thống', '127.0.0.1', 'Đăng nhập', '2019-06-24 08:35:04'),
(265, 1, 'Bài viết', '127.0.0.1', 'Sửa bài viết, Id:4', '2019-06-24 08:36:12'),
(266, 1, 'Hệ thống', '127.0.0.1', 'Đăng nhập', '2019-06-24 08:39:19'),
(267, 1, 'Bài viết', '127.0.0.1', 'Sửa bài viết, Id:4', '2019-06-24 08:40:48'),
(268, 1, 'Hệ thống', '127.0.0.1', 'Đăng nhập', '2019-06-24 08:43:39'),
(269, 1, 'Bài viết', '127.0.0.1', 'Sửa bài viết, Id:4', '2019-06-24 08:44:42'),
(270, 1, 'Hệ thống', '127.0.0.1', 'Đăng xuất sessionTimeout', '2019-06-24 10:09:07'),
(271, 1, 'Hệ thống', '127.0.0.1', 'Đăng nhập', '2019-06-24 10:10:04'),
(272, 1, 'Hệ thống', '127.0.0.1', 'Đăng nhập', '2019-06-24 10:17:28'),
(273, 1, 'Hệ thống', '127.0.0.1', 'Đăng nhập', '2019-06-24 11:03:21'),
(274, 1, 'Hệ thống', '127.0.0.1', 'Đăng nhập', '2019-06-24 11:08:57'),
(275, 1, 'Hệ thống', '127.0.0.1', 'Đăng nhập', '2019-06-24 11:19:21'),
(276, 1, 'Hệ thống', '127.0.0.1', 'Đăng nhập', '2019-06-24 11:36:16'),
(277, 1, 'Hệ thống', '127.0.0.1', 'Đăng xuất sessionTimeout', '2019-06-24 12:12:34'),
(278, 1, 'Hệ thống', '127.0.0.1', 'Đăng nhập', '2019-06-24 12:19:51'),
(279, 1, 'Hệ thống', '127.0.0.1', 'Đăng nhập', '2019-06-25 01:09:19'),
(280, 1, 'Hệ thống', '127.0.0.1', 'Đăng xuất sessionTimeout', '2019-06-25 02:20:12'),
(281, 1, 'Hệ thống', '127.0.0.1', 'Đăng nhập', '2019-06-25 03:50:42'),
(282, 1, 'Hệ thống', '127.0.0.1', 'Đăng nhập', '2019-06-25 04:06:31'),
(283, 1, 'Hệ thống', '127.0.0.1', 'Đăng nhập', '2019-06-25 04:17:34'),
(284, 1, 'Hệ thống', '127.0.0.1', 'Đăng nhập', '2019-06-25 04:58:11'),
(285, 1, 'Hệ thống', '127.0.0.1', 'Đăng xuất sessionTimeout', '2019-06-25 06:38:24'),
(286, 1, 'Hệ thống', '127.0.0.1', 'Đăng nhập', '2019-06-25 06:41:13'),
(287, 1, 'Hệ thống', '127.0.0.1', 'Đăng xuất sessionTimeout', '2019-06-25 07:08:55'),
(288, 1, 'Hệ thống', '127.0.0.1', 'Đăng nhập', '2019-06-25 07:40:17'),
(289, 1, 'Hệ thống', '127.0.0.1', 'Đăng nhập', '2019-06-25 07:56:38'),
(290, 1, 'Hệ thống', '127.0.0.1', 'Đăng nhập', '2019-06-25 09:03:27'),
(291, 1, 'Hệ thống', '127.0.0.1', 'Đăng xuất sessionTimeout', '2019-06-25 10:01:29'),
(292, 1, 'Hệ thống', '127.0.0.1', 'Đăng nhập', '2019-06-25 10:24:52'),
(293, 1, 'Hệ thống', '127.0.0.1', 'Đăng nhập', '2019-06-25 10:26:45'),
(294, 1, 'Hệ thống', '127.0.0.1', 'Đăng nhập', '2019-06-25 10:42:51'),
(295, 1, 'Hệ thống', '127.0.0.1', 'Đăng nhập', '2019-06-26 02:38:05'),
(296, 1, 'Hệ thống', '127.0.0.1', 'Đăng nhập', '2019-06-26 02:42:05'),
(297, 1, 'Hệ thống', '127.0.0.1', 'Đăng nhập', '2019-06-26 03:29:54'),
(298, 1, 'Hệ thống', '127.0.0.1', 'Đăng nhập', '2019-06-26 03:34:47'),
(299, 1, 'Hệ thống', '127.0.0.1', 'Đăng nhập', '2019-06-26 03:52:02'),
(300, 1, 'Hệ thống', '127.0.0.1', 'Đăng nhập', '2019-06-26 04:35:37'),
(301, 1, 'Hệ thống', '127.0.0.1', 'Đăng nhập', '2019-06-26 04:39:51'),
(302, 1, 'Hệ thống', '127.0.0.1', 'Đăng xuất sessionTimeout', '2019-06-26 06:34:43'),
(303, 1, 'Hệ thống', '127.0.0.1', 'Đăng nhập', '2019-06-26 06:39:08'),
(304, 1, 'Hệ thống', '127.0.0.1', 'Đăng xuất sessionTimeout', '2019-06-26 07:25:35'),
(305, 1, 'Hệ thống', '127.0.0.1', 'Đăng nhập', '2019-06-26 08:37:57'),
(306, 1, 'Hệ thống', '127.0.0.1', 'Đăng nhập', '2019-06-26 08:43:57'),
(307, 1, 'Hệ thống', '0:0:0:0:0:0:0:1', 'Đăng nhập', '2019-06-26 08:59:42'),
(308, 1, 'Hệ thống', '0:0:0:0:0:0:0:1', 'Đăng nhập', '2019-06-26 09:00:07'),
(309, 1, 'Hệ thống', '127.0.0.1', 'Đăng xuất sessionTimeout', '2019-06-26 09:22:19'),
(310, 1, 'Hệ thống', '127.0.0.1', 'Đăng nhập', '2019-06-26 09:30:04'),
(311, 1, 'Hệ thống', '0:0:0:0:0:0:0:1', 'Đăng xuất sessionTimeout', '2019-06-26 09:30:47'),
(312, 1, 'Hệ thống', '0:0:0:0:0:0:0:1', 'Đăng xuất sessionTimeout', '2019-06-26 09:50:48'),
(313, 1, 'Hệ thống', '127.0.0.1', 'Đăng nhập', '2019-06-26 10:26:34'),
(314, 1, 'Hệ thống', '127.0.0.1', 'Đăng nhập', '2019-06-26 11:02:23'),
(315, 1, 'Hệ thống', '127.0.0.1', 'Đăng nhập', '2019-06-26 11:29:58'),
(316, 1, 'Hệ thống', '127.0.0.1', 'Đăng nhập', '2019-06-26 12:31:09'),
(317, 1, 'Bài viết', '127.0.0.1', 'Sửa bài viết, Id:4', '2019-06-26 12:31:35'),
(318, 1, 'Hệ thống', '127.0.0.1', 'Đăng nhập', '2019-06-26 12:40:46'),
(319, 1, 'Bài viết', '127.0.0.1', 'Sửa bài viết, Id:4', '2019-06-26 12:41:07'),
(320, 1, 'Bài viết', '127.0.0.1', 'Sửa bài viết, Id:4', '2019-06-26 12:41:53'),
(321, 1, 'Hệ thống', '127.0.0.1', 'Đăng nhập', '2019-06-27 01:11:45'),
(322, 1, 'Bài viết', '127.0.0.1', 'Thêm bài viết. Id:5', '2019-06-27 01:16:45'),
(323, 1, 'Bài viết', '127.0.0.1', 'Thêm bài viết. Id:6', '2019-06-27 01:19:03'),
(324, 1, 'Hệ thống', '127.0.0.1', 'Đăng nhập', '2019-06-27 01:21:31'),
(325, 1, 'Hệ thống', '127.0.0.1', 'Đăng nhập', '2019-06-27 01:40:52'),
(326, 1, 'Bài viết', '127.0.0.1', 'Sửa bài viết, Id:6', '2019-06-27 01:42:18'),
(327, 1, 'Hệ thống', '127.0.0.1', 'Đăng nhập', '2019-06-27 01:51:35'),
(328, 1, 'Bài viết', '127.0.0.1', 'Sửa bài viết, Id:6', '2019-06-27 01:52:27'),
(329, 1, 'Bài viết', '127.0.0.1', 'Sửa bài viết, Id:6', '2019-06-27 01:54:19'),
(330, 1, 'Hệ thống', '0:0:0:0:0:0:0:1', 'Đăng nhập', '2019-06-27 02:22:58'),
(331, 1, 'Hệ thống', '127.0.0.1', 'Đăng xuất sessionTimeout', '2019-06-27 02:25:14'),
(332, 1, 'Hệ thống', '0:0:0:0:0:0:0:1', 'Đăng xuất sessionTimeout', '2019-06-27 03:01:36'),
(333, 1, 'Hệ thống', '127.0.0.1', 'Đăng nhập', '2019-06-27 03:17:06'),
(334, 1, 'Hệ thống', '0:0:0:0:0:0:0:1', 'Đăng nhập', '2019-06-27 03:22:52'),
(335, 1, 'Hệ thống', '127.0.0.1', 'Đăng nhập', '2019-06-27 04:07:03'),
(336, 1, 'Hệ thống', '0:0:0:0:0:0:0:1', 'Đăng xuất sessionTimeout', '2019-06-27 04:08:37'),
(337, 1, 'Hệ thống', '127.0.0.1', 'Đăng nhập', '2019-06-27 04:23:27'),
(338, 1, 'Hệ thống', '127.0.0.1', 'Đăng nhập', '2019-06-27 04:45:29'),
(339, 1, 'Hệ thống', '127.0.0.1', 'Đăng nhập', '2019-06-27 04:56:50'),
(340, 1, 'Hệ thống', '127.0.0.1', 'Đăng xuất sessionTimeout', '2019-06-27 05:29:15'),
(341, 1, 'Hệ thống', '127.0.0.1', 'Đăng nhập', '2019-06-27 07:00:40'),
(342, 1, 'Hệ thống', '127.0.0.1', 'Đăng nhập', '2019-06-27 07:22:55'),
(343, 1, 'Hệ thống', '127.0.0.1', 'Đăng nhập', '2019-06-27 07:33:03'),
(344, 1, 'Hệ thống', '127.0.0.1', 'Đăng nhập', '2019-06-27 07:36:56'),
(345, 1, 'Hệ thống', '127.0.0.1', 'Đăng nhập', '2019-06-27 07:51:46'),
(346, 1, 'Hệ thống', '127.0.0.1', 'Đăng nhập', '2019-06-27 08:21:49'),
(347, 1, 'Hệ thống', '127.0.0.1', 'Đăng nhập', '2019-06-27 09:17:27'),
(348, 1, 'Hệ thống', '127.0.0.1', 'Đăng nhập', '2019-06-27 10:09:04'),
(349, 1, 'Hệ thống', '127.0.0.1', 'Đăng nhập', '2019-06-27 11:08:56'),
(350, 1, 'Hệ thống', '127.0.0.1', 'Đăng xuất sessionTimeout', '2019-06-27 11:47:22'),
(351, 1, 'Hệ thống', '127.0.0.1', 'Đăng nhập', '2019-06-27 11:59:42'),
(352, 1, 'Hệ thống', '127.0.0.1', 'Đăng nhập', '2019-06-28 02:07:38'),
(353, 1, 'Hệ thống', '127.0.0.1', 'Đăng nhập', '2019-06-28 02:18:11'),
(354, 1, 'Hệ thống', '127.0.0.1', 'Đăng nhập', '2019-06-28 02:34:20'),
(355, 1, 'Hệ thống', '127.0.0.1', 'Đăng nhập', '2019-06-28 03:05:15'),
(356, 1, 'Hệ thống', '127.0.0.1', 'Đăng nhập', '2019-06-28 03:27:00'),
(357, 1, 'Hệ thống', '127.0.0.1', 'Đăng nhập', '2019-06-28 03:44:37'),
(358, 1, 'Hệ thống', '127.0.0.1', 'Đăng nhập', '2019-06-28 04:29:09'),
(359, 1, 'Hệ thống', '127.0.0.1', 'Đăng nhập', '2019-06-28 04:49:41'),
(360, 1, 'Hệ thống', '127.0.0.1', 'Đăng nhập', '2019-06-28 07:00:25'),
(361, 1, 'Hệ thống', '127.0.0.1', 'Đăng nhập', '2019-06-28 07:25:28'),
(362, 1, 'Hệ thống', '127.0.0.1', 'Đăng nhập', '2019-06-28 07:30:20'),
(363, 1, 'Hệ thống', '127.0.0.1', 'Đăng nhập', '2019-06-28 07:37:46'),
(364, 1, 'Hệ thống', '127.0.0.1', 'Đăng nhập', '2019-06-28 07:43:24'),
(365, 1, 'Hệ thống', '127.0.0.1', 'Đăng xuất sessionTimeout', '2019-06-28 08:14:10'),
(366, 1, 'Hệ thống', '127.0.0.1', 'Đăng nhập', '2019-06-28 08:27:28'),
(367, 1, 'Hệ thống', '127.0.0.1', 'Đăng nhập', '2019-06-28 08:56:50'),
(368, 1, 'Hệ thống', '127.0.0.1', 'Đăng nhập', '2019-06-28 09:01:21'),
(369, 1, 'Hệ thống', '127.0.0.1', 'Đăng nhập', '2019-06-28 09:09:14'),
(370, 1, 'Hệ thống', '127.0.0.1', 'Đăng nhập', '2019-06-28 09:19:56'),
(371, 1, 'Hệ thống', '127.0.0.1', 'Đăng nhập', '2019-06-28 09:22:58'),
(372, 1, 'Hệ thống', '127.0.0.1', 'Đăng nhập', '2019-06-28 09:26:34'),
(373, 1, 'Hệ thống', '127.0.0.1', 'Đăng nhập', '2019-06-28 09:34:38'),
(374, 1, 'Hệ thống', '127.0.0.1', 'Đăng nhập', '2019-06-28 09:40:42'),
(375, 1, 'Hệ thống', '127.0.0.1', 'Đăng nhập', '2019-06-28 09:51:20'),
(376, 1, 'Hệ thống', '127.0.0.1', 'Đăng nhập', '2019-06-28 09:54:00'),
(377, 1, 'Hệ thống', '127.0.0.1', 'Đăng nhập', '2019-06-28 10:00:57'),
(378, 1, 'Hệ thống', '127.0.0.1', 'Đăng nhập', '2019-06-28 10:16:53'),
(379, 1, 'Hệ thống', '127.0.0.1', 'Đăng nhập', '2019-06-28 10:25:10'),
(380, 1, 'Hệ thống', '127.0.0.1', 'Đăng nhập', '2019-06-28 10:34:30'),
(381, 1, 'Hệ thống', '127.0.0.1', 'Đăng nhập', '2019-06-28 10:48:31'),
(382, 1, 'Hệ thống', '127.0.0.1', 'Đăng nhập', '2019-06-28 11:24:55'),
(383, 1, 'Hệ thống', '127.0.0.1', 'Đăng nhập', '2019-06-28 11:48:04'),
(384, 1, 'Hệ thống', '127.0.0.1', 'Đăng nhập', '2019-06-28 11:53:56'),
(385, 1, 'Hệ thống', '0:0:0:0:0:0:0:1', 'Đăng nhập', '2019-07-03 08:39:52'),
(386, 1, 'Hệ thống', '0:0:0:0:0:0:0:1', 'Đăng xuất sessionTimeout', '2019-07-03 08:55:38'),
(387, 1, 'Hệ thống', '0:0:0:0:0:0:0:1', 'Đăng xuất', '2019-07-03 08:55:38'),
(388, 1, 'Hệ thống', '0:0:0:0:0:0:0:1', 'Đăng nhập', '2019-07-03 08:55:43'),
(389, 1, 'Hệ thống', '0:0:0:0:0:0:0:1', 'Đăng xuất sessionTimeout', '2019-07-03 09:26:37'),
(390, 1, 'Hệ thống', '0:0:0:0:0:0:0:1', 'Đăng nhập', '2019-07-04 02:15:16'),
(391, 1, 'Hệ thống', '0:0:0:0:0:0:0:1', 'Đăng xuất sessionTimeout', '2019-07-04 02:27:50'),
(392, 1, 'Hệ thống', '0:0:0:0:0:0:0:1', 'Đăng xuất', '2019-07-04 02:27:50'),
(393, 1, 'Hệ thống', '0:0:0:0:0:0:0:1', 'Đăng nhập', '2019-07-04 02:29:55'),
(394, 1, 'Hệ thống', '127.0.0.1', 'Đăng nhập', '2019-07-08 11:53:30'),
(395, 1, 'Hệ thống', '127.0.0.1', 'Đăng nhập', '2019-07-09 01:24:24'),
(396, 1, 'Hệ thống', '127.0.0.1', 'Đăng nhập', '2019-07-09 01:38:05'),
(397, 1, 'Hệ thống', '127.0.0.1', 'Đăng nhập', '2019-07-09 01:43:18'),
(398, 1, 'Hệ thống', '127.0.0.1', 'Đăng nhập', '2019-07-09 01:45:07'),
(399, 1, 'Hệ thống', '127.0.0.1', 'Đăng nhập', '2019-07-09 01:54:19'),
(400, 1, 'Hệ thống', '127.0.0.1', 'Đăng nhập', '2019-07-09 02:04:15'),
(401, 1, 'Hệ thống', '127.0.0.1', 'Đăng nhập', '2019-07-09 02:07:10'),
(402, 1, 'Hệ thống', '127.0.0.1', 'Đăng xuất sessionTimeout', '2019-07-09 02:42:54'),
(403, 1, 'Hệ thống', '127.0.0.1', 'Đăng nhập', '2019-07-09 02:49:19'),
(404, 1, 'Hệ thống', '127.0.0.1', 'Đăng nhập', '2019-07-09 03:15:38'),
(405, 1, 'Hệ thống', '127.0.0.1', 'Đăng nhập', '2019-07-09 04:13:15'),
(406, 1, 'Hệ thống', '127.0.0.1', 'Đăng xuất sessionTimeout', '2019-07-09 05:25:47'),
(407, 1, 'Hệ thống', '127.0.0.1', 'Đăng nhập', '2019-07-09 09:57:22'),
(408, 1, 'Hệ thống', '127.0.0.1', 'Đăng xuất sessionTimeout', '2019-07-09 10:28:08'),
(409, 1, 'Hệ thống', '127.0.0.1', 'Đăng nhập', '2019-07-10 03:45:53'),
(410, 1, 'Hệ thống', '0:0:0:0:0:0:0:1', 'Đăng nhập', '2019-07-10 03:52:08'),
(411, 1, 'Hệ thống', '0:0:0:0:0:0:0:1', 'Đăng nhập', '2019-07-10 03:54:41'),
(412, 1, 'Hệ thống', '0:0:0:0:0:0:0:1', 'Đăng nhập', '2019-07-10 04:01:01'),
(413, 1, 'Hệ thống', '0:0:0:0:0:0:0:1', 'Đăng nhập', '2019-07-10 04:05:57'),
(414, 1, 'Hệ thống', '127.0.0.1', 'Đăng xuất sessionTimeout', '2019-07-10 04:18:19'),
(415, 1, 'Hệ thống', '0:0:0:0:0:0:0:1', 'Đăng nhập', '2019-07-10 04:45:40'),
(416, 1, 'Hệ thống', '0:0:0:0:0:0:0:1', 'Đăng nhập', '2019-07-10 04:49:01'),
(417, 1, 'Hệ thống', '0:0:0:0:0:0:0:1', 'Đăng nhập', '2019-07-10 06:39:54'),
(418, 1, 'Hệ thống', '0:0:0:0:0:0:0:1', 'Đăng nhập', '2019-07-10 07:45:14'),
(419, 1, 'Chuyên mục bài viết', '0:0:0:0:0:0:0:1', 'Thêm chuyên mục. Id:9085', '2019-07-11 03:14:15'),
(420, 1, 'Chuyên mục bài viết', '0:0:0:0:0:0:0:1', 'Thêm chuyên mục. Id:2', '2019-07-11 03:26:45'),
(423, 1, 'Chuyên mục bài viết', '0:0:0:0:0:0:0:1', 'Thêm chuyên mục. Id:3', '2019-07-11 06:52:57'),
(424, 1, 'Hệ thống', '0:0:0:0:0:0:0:1', 'Đăng nhập', '2019-07-11 08:01:53'),
(425, 1, 'Tổ chức công chứng', '0:0:0:0:0:0:0:1', 'Thêm TCCC. Id:5', '2019-07-11 08:03:26'),
(426, 1, 'Hệ thống', '0:0:0:0:0:0:0:1', 'Đăng nhập', '2019-07-11 08:11:20'),
(427, 1, 'Hệ thống', '0:0:0:0:0:0:0:1', 'Đăng nhập', '2019-07-11 08:40:19'),
(428, 1, 'Chuyên mục bài viết', '0:0:0:0:0:0:0:1', 'Sửa Chuyên mục, Id:2', '2019-07-11 08:49:46'),
(429, 1, 'Bài viết', '0:0:0:0:0:0:0:1', 'Thêm bài viết. Id:1', '2019-07-11 09:01:34'),
(430, 1, 'Hệ thống', '0:0:0:0:0:0:0:1', 'Đăng nhập', '2019-07-11 09:27:13'),
(431, 1, 'Hệ thống', '0:0:0:0:0:0:0:1', 'Đăng nhập', '2019-07-11 09:32:53'),
(432, 1, 'Hệ thống', '0:0:0:0:0:0:0:1', 'Đăng nhập', '2019-07-11 09:40:48'),
(433, 1, 'Hệ thống', '0:0:0:0:0:0:0:1', 'Đăng nhập', '2019-07-11 11:04:44'),
(434, 1, 'Hệ thống', '0:0:0:0:0:0:0:1', 'Đăng nhập', '2019-07-12 06:38:40'),
(435, 1, 'Bài viết', '0:0:0:0:0:0:0:1', 'Sửa bài viết, Id:1', '2019-07-12 06:39:11'),
(436, 1, 'Hệ thống', '0:0:0:0:0:0:0:1', 'Đăng nhập', '2019-07-12 07:31:20'),
(437, 1, 'Bài viết', '0:0:0:0:0:0:0:1', 'Thêm bài viết. Id:2', '2019-07-12 07:34:49'),
(438, 1, 'Hệ thống', '0:0:0:0:0:0:0:1', 'Đăng nhập', '2019-07-12 07:44:46'),
(439, 1, 'Hệ thống', '0:0:0:0:0:0:0:1', 'Đăng nhập', '2019-07-12 08:57:32'),
(440, 1, 'Hệ thống', '0:0:0:0:0:0:0:1', 'Đăng nhập', '2019-07-13 07:29:15'),
(441, 1, 'Hệ thống', '0:0:0:0:0:0:0:1', 'Đăng nhập', '2019-07-13 08:34:50'),
(442, 1, 'Hệ thống', '0:0:0:0:0:0:0:1', 'Đăng nhập', '2019-07-15 01:07:38'),
(443, 1, 'Hệ thống', '0:0:0:0:0:0:0:1', 'Đăng nhập', '2019-07-15 01:28:30'),
(444, 1, 'Hệ thống', '0:0:0:0:0:0:0:1', 'Đăng nhập', '2019-07-15 01:34:28'),
(445, 1, 'Hệ thống', '0:0:0:0:0:0:0:1', 'Đăng nhập', '2019-07-15 01:42:11'),
(446, 1, 'Hệ thống', '0:0:0:0:0:0:0:1', 'Đăng nhập', '2019-07-15 01:45:28'),
(447, 1, 'Hệ thống', '0:0:0:0:0:0:0:1', 'Đăng nhập', '2019-07-15 01:50:56'),
(448, 1, 'Hệ thống', '0:0:0:0:0:0:0:1', 'Đăng nhập', '2019-07-15 02:01:05'),
(449, 1, 'Hệ thống', '192.168.1.99', 'Đăng nhập', '2019-07-15 02:35:35'),
(450, 1, 'Hệ thống', '0:0:0:0:0:0:0:1', 'Đăng nhập', '2019-07-15 02:46:28'),
(451, 1, 'Hệ thống', '0:0:0:0:0:0:0:1', 'Đăng nhập', '2019-07-15 03:09:29'),
(452, 1, 'Hệ thống', '0:0:0:0:0:0:0:1', 'Đăng nhập', '2019-07-15 04:26:49'),
(453, 1, 'User', '0:0:0:0:0:0:0:1', 'Thêm người dùng', '2019-07-15 04:43:09'),
(454, 1, 'Hệ thống', '0:0:0:0:0:0:0:1', 'Đăng nhập', '2019-07-15 06:36:07'),
(455, 1, 'Bài viết', '0:0:0:0:0:0:0:1', 'Thêm bài viết. Id:3', '2019-07-15 06:55:58'),
(456, 1, 'Bài viết', '0:0:0:0:0:0:0:1', 'Xóa bài viết, Id:3', '2019-07-15 06:56:33'),
(457, 1, 'Hệ thống', '0:0:0:0:0:0:0:1', 'Đăng nhập', '2019-07-15 07:08:48'),
(458, 1, 'Hệ thống', '0:0:0:0:0:0:0:1', 'Đăng nhập', '2019-07-15 07:22:25'),
(459, 1, 'Bài viết', '0:0:0:0:0:0:0:1', 'Sửa bài viết, Id:2', '2019-07-15 08:11:04'),
(460, 1, 'Bài viết', '0:0:0:0:0:0:0:1', 'Sửa bài viết, Id:2', '2019-07-15 08:24:30'),
(461, 1, 'Bài viết', '0:0:0:0:0:0:0:1', 'Sửa bài viết, Id:1', '2019-07-15 08:32:30'),
(462, 1, 'Hệ thống', '0:0:0:0:0:0:0:1', 'Đăng nhập', '2019-07-15 09:17:58'),
(463, 1, 'Hệ thống', '0:0:0:0:0:0:0:1', 'Đăng nhập', '2019-07-15 09:25:59'),
(464, 1, 'Bài viết', '0:0:0:0:0:0:0:1', 'Sửa bài viết, Id:2', '2019-07-15 09:38:45'),
(465, 1, 'Hệ thống', '0:0:0:0:0:0:0:1', 'Đăng nhập', '2019-07-15 10:54:31'),
(466, 1, 'Hệ thống', '0:0:0:0:0:0:0:1', 'Đăng nhập', '2019-07-15 11:40:31'),
(467, 1, 'Hệ thống', '0:0:0:0:0:0:0:1', 'Đăng nhập', '2019-07-15 11:43:17'),
(468, 1, 'Hệ thống', '0:0:0:0:0:0:0:1', 'Đăng nhập', '2019-07-15 11:46:51'),
(469, 1, 'Hệ thống', '0:0:0:0:0:0:0:1', 'Đăng nhập', '2019-07-15 18:58:12'),
(470, 1, 'Hệ thống', '0:0:0:0:0:0:0:1', 'Đăng nhập', '2019-07-15 19:33:47'),
(471, 1, 'Hệ thống', '0:0:0:0:0:0:0:1', 'Đăng nhập', '2019-07-16 01:22:15'),
(472, 1, 'Hệ thống', '0:0:0:0:0:0:0:1', 'Đăng nhập', '2019-07-16 01:32:50'),
(473, 1, 'Hệ thống', '0:0:0:0:0:0:0:1', 'Đăng nhập', '2019-07-16 02:56:50'),
(474, 1, 'Hệ thống', '0:0:0:0:0:0:0:1', 'Đăng nhập', '2019-07-16 03:07:42'),
(475, 1, 'Hệ thống', '0:0:0:0:0:0:0:1', 'Đăng nhập', '2019-07-16 03:12:52'),
(476, 1, 'Hệ thống', '0:0:0:0:0:0:0:1', 'Đăng nhập', '2019-07-16 03:15:19'),
(477, 1, 'Hệ thống', '0:0:0:0:0:0:0:1', 'Đăng nhập', '2019-07-16 04:12:49'),
(478, 1, 'Hệ thống', '0:0:0:0:0:0:0:1', 'Đăng nhập', '2019-07-16 06:35:35'),
(479, 1, 'Hệ thống', '0:0:0:0:0:0:0:1', 'Đăng nhập', '2019-07-16 07:17:37'),
(480, 1, 'Bài viết', '0:0:0:0:0:0:0:1', 'Xóa bài viết, Id:2', '2019-07-16 07:20:24'),
(481, 1, 'Bài viết', '0:0:0:0:0:0:0:1', 'Xóa bài viết, Id:2', '2019-07-16 07:21:11'),
(482, 1, 'Hệ thống', '0:0:0:0:0:0:0:1', 'Đăng nhập', '2019-07-16 07:26:18'),
(483, 1, 'Bài viết', '0:0:0:0:0:0:0:1', 'Sửa bài viết, Id:2', '2019-07-16 07:26:49'),
(484, 1, 'Bài viết', '0:0:0:0:0:0:0:1', 'Sửa bài viết, Id:2', '2019-07-16 07:27:16'),
(485, 1, 'Hệ thống', '0:0:0:0:0:0:0:1', 'Đăng nhập', '2019-07-16 07:46:31'),
(486, 1, 'Hệ thống', '0:0:0:0:0:0:0:1', 'Đăng nhập', '2019-07-16 07:50:51'),
(487, 1, 'Hệ thống', '0:0:0:0:0:0:0:1', 'Đăng nhập', '2019-07-16 08:09:06'),
(488, 1, 'Bài viết', '0:0:0:0:0:0:0:1', 'Sửa bài viết, Id:1', '2019-07-16 08:26:10'),
(489, 1, 'Bài viết', '0:0:0:0:0:0:0:1', 'Sửa bài viết, Id:2', '2019-07-16 08:27:25'),
(490, 1, 'Bài viết', '0:0:0:0:0:0:0:1', 'Sửa bài viết, Id:2', '2019-07-16 08:28:20'),
(491, 1, 'Hệ thống', '0:0:0:0:0:0:0:1', 'Đăng nhập', '2019-07-16 08:30:19'),
(492, 1, 'Bài viết', '0:0:0:0:0:0:0:1', 'Sửa bài viết, Id:2', '2019-07-16 08:30:32'),
(493, 1, 'Hệ thống', '0:0:0:0:0:0:0:1', 'Đăng nhập', '2019-07-16 08:39:32'),
(494, 1, 'Hệ thống', '0:0:0:0:0:0:0:1', 'Đăng nhập', '2019-07-16 08:46:47'),
(495, 1, 'Hệ thống', '0:0:0:0:0:0:0:1', 'Đăng nhập', '2019-07-17 01:36:03'),
(496, 1, 'Hệ thống', '0:0:0:0:0:0:0:1', 'Đăng nhập', '2019-07-17 06:40:55'),
(497, 1, 'Hệ thống', '0:0:0:0:0:0:0:1', 'Đăng nhập', '2019-07-17 08:17:57'),
(498, 1, 'Chuyên mục bài viết', '0:0:0:0:0:0:0:1', 'Sửa Chuyên mục, Id:3', '2019-07-17 08:19:13'),
(499, 1, 'Chuyên mục bài viết', '0:0:0:0:0:0:0:1', 'Thêm chuyên mục. Id:4', '2019-07-17 08:19:29'),
(500, 1, 'Chuyên mục bài viết', '0:0:0:0:0:0:0:1', 'Thêm chuyên mục. Id:5', '2019-07-17 08:19:40'),
(501, 1, 'Hệ thống', '0:0:0:0:0:0:0:1', 'Đăng nhập', '2019-07-18 01:51:19'),
(502, 1, 'Hệ thống', '0:0:0:0:0:0:0:1', 'Đăng nhập', '2019-07-18 02:01:24'),
(503, 1, 'Hệ thống', '0:0:0:0:0:0:0:1', 'Đăng nhập', '2019-07-18 02:07:16'),
(504, 1, 'Hệ thống', '0:0:0:0:0:0:0:1', 'Đăng nhập', '2019-07-18 02:44:10'),
(505, 1, 'Hệ thống', '0:0:0:0:0:0:0:1', 'Đăng nhập', '2019-07-18 02:48:38'),
(506, 1, 'Hệ thống', '0:0:0:0:0:0:0:1', 'Đăng nhập', '2019-07-18 02:57:12'),
(507, 1, 'Hệ thống', '0:0:0:0:0:0:0:1', 'Đăng nhập', '2019-07-18 03:06:51'),
(508, 1, 'Hệ thống', '0:0:0:0:0:0:0:1', 'Đăng nhập', '2019-07-18 03:23:09'),
(509, 1, 'Hệ thống', '0:0:0:0:0:0:0:1', 'Đăng nhập', '2019-07-18 04:39:33'),
(510, 1, 'Hệ thống', '0:0:0:0:0:0:0:1', 'Đăng nhập', '2019-07-18 06:31:35'),
(511, 1, 'Hệ thống', '0:0:0:0:0:0:0:1', 'Đăng nhập', '2019-07-18 06:58:20'),
(512, 1, 'Hệ thống', '0:0:0:0:0:0:0:1', 'Đăng nhập', '2019-07-18 07:08:25'),
(513, 1, 'Hệ thống', '0:0:0:0:0:0:0:1', 'Đăng nhập', '2019-07-18 07:34:12'),
(514, 1, 'Hệ thống', '0:0:0:0:0:0:0:1', 'Đăng nhập', '2019-07-18 07:49:16'),
(515, 1, 'Hệ thống', '0:0:0:0:0:0:0:1', 'Đăng nhập', '2019-07-18 07:57:42'),
(516, 1, 'Hệ thống', '0:0:0:0:0:0:0:1', 'Đăng nhập', '2019-07-18 08:11:52'),
(517, 1, 'Bài viết', '0:0:0:0:0:0:0:1', 'Sửa bài viết, Id:2', '2019-07-18 08:13:43'),
(518, 1, 'Hệ thống', '0:0:0:0:0:0:0:1', 'Đăng nhập', '2019-07-19 01:24:02'),
(519, 1, 'Hệ thống', '0:0:0:0:0:0:0:1', 'Đăng nhập', '2019-07-19 09:21:09'),
(520, 1, 'Bài viết', '0:0:0:0:0:0:0:1', 'Sửa bài viết, Id:1', '2019-07-19 09:21:35'),
(521, 1, 'Hệ thống', '0:0:0:0:0:0:0:1', 'Đăng nhập', '2019-07-19 11:10:20'),
(522, 1, 'Bài viết', '0:0:0:0:0:0:0:1', 'Sửa bài viết, Id:2', '2019-07-19 11:11:04'),
(523, 1, 'Bài viết', '0:0:0:0:0:0:0:1', 'Sửa bài viết, Id:2', '2019-07-19 11:11:13'),
(524, 1, 'Bài viết', '0:0:0:0:0:0:0:1', 'Sửa bài viết, Id:1', '2019-07-19 11:11:38'),
(525, 1, 'Bài viết', '0:0:0:0:0:0:0:1', 'Sửa bài viết, Id:1', '2019-07-19 11:13:48'),
(526, 1, 'Bài viết', '0:0:0:0:0:0:0:1', 'Sửa bài viết, Id:1', '2019-07-19 11:21:28'),
(527, 1, 'Bài viết', '0:0:0:0:0:0:0:1', 'Sửa bài viết, Id:1', '2019-07-19 11:23:25'),
(528, 1, 'Bài viết', '0:0:0:0:0:0:0:1', 'Sửa bài viết, Id:1', '2019-07-19 11:37:36'),
(529, 1, 'Hệ thống', '0:0:0:0:0:0:0:1', 'Đăng nhập', '2019-07-21 18:54:11'),
(530, 1, 'Hệ thống', '0:0:0:0:0:0:0:1', 'Đăng nhập', '2019-07-22 01:42:55'),
(531, 1, 'Hệ thống', '0:0:0:0:0:0:0:1', 'Đăng nhập', '2019-07-22 02:41:55'),
(532, 1, 'Hệ thống', '0:0:0:0:0:0:0:1', 'Đăng nhập', '2019-07-22 03:33:57'),
(533, 1, 'Bài viết', '0:0:0:0:0:0:0:1', 'Thêm bài viết. Id:4', '2019-07-22 03:45:35'),
(534, 1, 'Bài viết', '0:0:0:0:0:0:0:1', 'Thêm bài viết. Id:5', '2019-07-22 03:46:07'),
(535, 1, 'Bài viết', '0:0:0:0:0:0:0:1', 'Sửa bài viết, Id:2', '2019-07-22 03:59:09'),
(536, 1, 'Bài viết', '0:0:0:0:0:0:0:1', 'Sửa bài viết, Id:4', '2019-07-22 04:02:38'),
(537, 1, 'Bài viết', '0:0:0:0:0:0:0:1', 'Sửa bài viết, Id:1', '2019-07-22 04:15:13'),
(538, 1, 'Bài viết', '0:0:0:0:0:0:0:1', 'Sửa bài viết, Id:1', '2019-07-22 04:15:49'),
(539, 1, 'Bài viết', '0:0:0:0:0:0:0:1', 'Sửa bài viết, Id:5', '2019-07-22 04:17:43'),
(540, 1, 'Bài viết', '0:0:0:0:0:0:0:1', 'Sửa bài viết, Id:4', '2019-07-22 04:21:09'),
(541, 1, 'Hệ thống', '0:0:0:0:0:0:0:1', 'Đăng nhập', '2019-07-22 07:08:40'),
(542, 1, 'Bài viết', '0:0:0:0:0:0:0:1', 'Thêm bài viết. Id:6', '2019-07-22 07:09:30'),
(543, 1, 'Bài viết', '0:0:0:0:0:0:0:1', 'Thêm bài viết. Id:7', '2019-07-22 07:09:51'),
(544, 1, 'Hệ thống', '0:0:0:0:0:0:0:1', 'Đăng nhập', '2019-07-23 07:52:47'),
(545, 1, 'Hệ thống', '0:0:0:0:0:0:0:1', 'Đăng nhập', '2019-07-23 08:57:27'),
(546, 1, 'Hệ thống', '0:0:0:0:0:0:0:1', 'Đăng nhập', '2019-07-24 03:57:27'),
(547, 1, 'Hệ thống', '0:0:0:0:0:0:0:1', 'Đăng nhập', '2019-07-24 04:01:29'),
(548, 1, 'Bài viết', '0:0:0:0:0:0:0:1', 'Thêm bài viết. Id:8', '2019-07-24 04:26:00'),
(549, 1, 'Bài viết', '0:0:0:0:0:0:0:1', 'Sửa bài viết, Id:8', '2019-07-24 04:35:39'),
(550, 1, 'Hệ thống', '0:0:0:0:0:0:0:1', 'Đăng nhập', '2019-07-24 09:09:35'),
(551, 1, 'Bài viết', '0:0:0:0:0:0:0:1', 'Sửa bài viết, Id:8', '2019-07-24 09:18:36'),
(552, 1, 'Bài viết', '0:0:0:0:0:0:0:1', 'Sửa bài viết, Id:8', '2019-07-24 09:22:13'),
(553, 1, 'Bài viết', '0:0:0:0:0:0:0:1', 'Sửa bài viết, Id:8', '2019-07-24 09:23:11'),
(554, 1, 'Hệ thống', '0:0:0:0:0:0:0:1', 'Đăng nhập', '2019-07-25 06:46:00'),
(555, 1, 'Hệ thống', '0:0:0:0:0:0:0:1', 'Đăng nhập', '2019-07-25 10:13:49'),
(556, 1, 'Bài viết', '0:0:0:0:0:0:0:1', 'Thêm bài viết. Id:9', '2019-07-25 10:14:24'),
(557, 1, 'Hệ thống', '0:0:0:0:0:0:0:1', 'Đăng nhập', '2019-07-25 10:25:42'),
(558, 1, 'Hệ thống', '0:0:0:0:0:0:0:1', 'Đăng nhập', '2019-07-26 12:11:25'),
(559, 1, 'Bài viết', '0:0:0:0:0:0:0:1', 'Thêm bài viết. Id:10', '2019-07-26 12:16:20'),
(560, 1, 'Hệ thống', '0:0:0:0:0:0:0:1', 'Đăng nhập', '2019-07-29 05:43:16'),
(561, 1, 'Bài viết', '0:0:0:0:0:0:0:1', 'Thêm bài viết. Id:85', '2019-07-29 05:43:50'),
(562, 1, 'Hệ thống', '0:0:0:0:0:0:0:1', 'Đăng nhập', '2019-07-29 08:09:15'),
(563, 1, 'Hệ thống', '0:0:0:0:0:0:0:1', 'Đăng nhập', '2019-07-29 10:56:56'),
(564, 1, 'Hệ thống', '0:0:0:0:0:0:0:1', 'Đăng nhập', '2019-07-29 11:29:51'),
(565, 1, 'Hệ thống', '0:0:0:0:0:0:0:1', 'Đăng nhập', '2019-07-29 15:15:11'),
(566, 1, 'Bài viết', '0:0:0:0:0:0:0:1', 'Thêm bài viết. Id:86', '2019-07-29 15:23:15'),
(567, 1, 'Hệ thống', '0:0:0:0:0:0:0:1', 'Đăng nhập', '2019-07-29 15:45:16'),
(568, 1, 'Bài viết', '0:0:0:0:0:0:0:1', 'Sửa bài viết, Id:86', '2019-07-29 15:47:42'),
(569, 1, 'Hệ thống', '0:0:0:0:0:0:0:1', 'Đăng nhập', '2019-07-29 17:41:32'),
(570, 1, 'Hệ thống', '0:0:0:0:0:0:0:1', 'Đăng nhập', '2019-07-29 18:05:00'),
(571, 1, 'Hệ thống', '0:0:0:0:0:0:0:1', 'Đăng nhập', '2019-07-29 18:17:58'),
(572, 1, 'Bài viết', '0:0:0:0:0:0:0:1', 'Sửa bài viết, Id:86', '2019-07-29 18:20:04'),
(573, 1, 'Bài viết', '0:0:0:0:0:0:0:1', 'Sửa bài viết, Id:86', '2019-07-29 18:20:58'),
(574, 1, 'Bài viết', '0:0:0:0:0:0:0:1', 'Sửa bài viết, Id:86', '2019-07-29 18:24:40'),
(575, 1, 'Hệ thống', '0:0:0:0:0:0:0:1', 'Đăng nhập', '2019-07-30 01:22:33'),
(576, 1, 'Hệ thống', '0:0:0:0:0:0:0:1', 'Đăng nhập', '2019-07-30 04:39:05'),
(577, 1, 'Hệ thống', '0:0:0:0:0:0:0:1', 'Đăng nhập', '2019-07-30 07:34:12'),
(578, 1, 'Hệ thống', '0:0:0:0:0:0:0:1', 'Đăng nhập', '2019-07-30 09:59:39'),
(579, 1, 'Hệ thống', '0:0:0:0:0:0:0:1', 'Đăng nhập', '2019-07-30 17:38:47'),
(580, 1, 'Hệ thống', '0:0:0:0:0:0:0:1', 'Đăng nhập', '2019-07-30 17:50:53'),
(581, 1, 'Hệ thống', '0:0:0:0:0:0:0:1', 'Đăng nhập', '2019-07-30 18:41:27'),
(582, 1, 'Hệ thống', '0:0:0:0:0:0:0:1', 'Đăng nhập', '2019-07-30 19:14:04'),
(583, 1, 'Hệ thống', '0:0:0:0:0:0:0:1', 'Đăng nhập', '2019-07-31 01:55:12'),
(584, 1, 'Hệ thống', '0:0:0:0:0:0:0:1', 'Đăng nhập', '2019-07-31 03:53:03'),
(585, 1, 'Hệ thống', '0:0:0:0:0:0:0:1', 'Đăng nhập', '2019-07-31 06:51:36'),
(586, 1, 'Hệ thống', '0:0:0:0:0:0:0:1', 'Đăng nhập', '2019-07-31 07:02:45'),
(587, 1, 'Hệ thống', '0:0:0:0:0:0:0:1', 'Đăng nhập', '2019-07-31 07:07:58'),
(588, 1, 'Hệ thống', '0:0:0:0:0:0:0:1', 'Đăng nhập', '2019-07-31 07:12:22'),
(589, 1, 'Hệ thống', '0:0:0:0:0:0:0:1', 'Đăng nhập', '2019-07-31 07:23:13'),
(590, 1, 'Hệ thống', '0:0:0:0:0:0:0:1', 'Đăng nhập', '2019-07-31 08:31:50'),
(591, 1, 'Hệ thống', '0:0:0:0:0:0:0:1', 'Đăng nhập', '2019-07-31 08:35:28'),
(592, 1, 'Hệ thống', '0:0:0:0:0:0:0:1', 'Đăng nhập', '2019-07-31 08:39:39'),
(593, 1, 'Hệ thống', '0:0:0:0:0:0:0:1', 'Đăng nhập', '2019-07-31 08:46:42'),
(594, 1, 'Hệ thống', '0:0:0:0:0:0:0:1', 'Đăng nhập', '2019-08-01 02:05:27'),
(595, 1, 'Hệ thống', '0:0:0:0:0:0:0:1', 'Đăng nhập', '2019-08-01 03:09:16'),
(596, 1, 'Hệ thống', '0:0:0:0:0:0:0:1', 'Đăng nhập', '2019-08-01 03:18:07'),
(597, 1, 'Hệ thống', '0:0:0:0:0:0:0:1', 'Đăng nhập', '2019-08-01 03:26:42'),
(598, 1, 'Hệ thống', '0:0:0:0:0:0:0:1', 'Đăng nhập', '2019-08-06 10:52:27'),
(599, 1, 'Hệ thống', '0:0:0:0:0:0:0:1', 'Đăng nhập', '2019-08-06 17:39:10'),
(600, 1, 'Hệ thống', '0:0:0:0:0:0:0:1', 'Đăng nhập', '2019-08-07 01:08:05'),
(601, 1, 'Hệ thống', '0:0:0:0:0:0:0:1', 'Đăng nhập', '2019-08-07 01:32:50'),
(602, 1, 'Hệ thống', '0:0:0:0:0:0:0:1', 'Đăng nhập', '2019-08-07 01:34:44'),
(603, 1, 'Hệ thống', '0:0:0:0:0:0:0:1', 'Đăng nhập', '2019-08-07 01:42:30'),
(604, 1, 'Hệ thống', '0:0:0:0:0:0:0:1', 'Đăng nhập', '2019-08-07 01:45:44'),
(605, 1, 'Hệ thống', '0:0:0:0:0:0:0:1', 'Đăng nhập', '2019-08-07 01:48:38'),
(606, 1, 'Hệ thống', '0:0:0:0:0:0:0:1', 'Đăng nhập', '2019-08-07 01:53:19'),
(607, 1, 'Hệ thống', '0:0:0:0:0:0:0:1', 'Đăng nhập', '2019-08-07 01:55:00'),
(608, 1, 'Hệ thống', '0:0:0:0:0:0:0:1', 'Đăng nhập', '2019-08-07 02:02:15'),
(609, 1, 'Hệ thống', '0:0:0:0:0:0:0:1', 'Đăng nhập', '2019-08-07 02:33:52'),
(610, 1, 'Hệ thống', '0:0:0:0:0:0:0:1', 'Đăng nhập', '2019-08-07 03:16:04'),
(611, 1, 'Hệ thống', '0:0:0:0:0:0:0:1', 'Đăng nhập', '2019-08-07 07:42:05'),
(612, 1, 'Bài viết', '0:0:0:0:0:0:0:1', 'Thêm bài viết. Id:87', '2019-08-07 07:43:35'),
(613, 1, 'Hệ thống', '0:0:0:0:0:0:0:1', 'Đăng nhập', '2019-08-07 08:34:39'),
(614, 1, 'Bài viết', '0:0:0:0:0:0:0:1', 'Sửa bài viết, Id:87', '2019-08-07 08:40:56'),
(615, 1, 'Hệ thống', '0:0:0:0:0:0:0:1', 'Đăng nhập', '2019-08-07 10:08:12'),
(616, 1, 'Bài viết', '0:0:0:0:0:0:0:1', 'Sửa bài viết, Id:87', '2019-08-07 10:16:18'),
(617, 1, 'Bài viết', '0:0:0:0:0:0:0:1', 'Sửa bài viết, Id:87', '2019-08-07 10:18:01'),
(618, 1, 'Hệ thống', '0:0:0:0:0:0:0:1', 'Đăng nhập', '2019-08-07 10:30:49'),
(619, 1, 'Bài viết', '0:0:0:0:0:0:0:1', 'Sửa bài viết, Id:87', '2019-08-07 10:35:26'),
(620, 1, 'Bài viết', '0:0:0:0:0:0:0:1', 'Sửa bài viết, Id:87', '2019-08-07 10:37:39'),
(621, 1, 'Bài viết', '0:0:0:0:0:0:0:1', 'Sửa bài viết, Id:87', '2019-08-07 10:38:57'),
(622, 1, 'Bài viết', '0:0:0:0:0:0:0:1', 'Sửa bài viết, Id:87', '2019-08-07 10:52:08'),
(623, 1, 'Bài viết', '0:0:0:0:0:0:0:1', 'Sửa bài viết, Id:87', '2019-08-07 11:10:34'),
(624, 1, 'Bài viết', '0:0:0:0:0:0:0:1', 'Sửa bài viết, Id:87', '2019-08-07 11:11:12'),
(625, 1, 'Bài viết', '0:0:0:0:0:0:0:1', 'Sửa bài viết, Id:87', '2019-08-07 11:12:45'),
(626, 1, 'Bài viết', '0:0:0:0:0:0:0:1', 'Sửa bài viết, Id:87', '2019-08-07 11:14:10'),
(627, 1, 'Bài viết', '0:0:0:0:0:0:0:1', 'Sửa bài viết, Id:87', '2019-08-07 11:16:36'),
(628, 1, 'Bài viết', '0:0:0:0:0:0:0:1', 'Sửa bài viết, Id:87', '2019-08-07 11:18:41'),
(629, 1, 'Bài viết', '0:0:0:0:0:0:0:1', 'Sửa bài viết, Id:87', '2019-08-07 11:19:37'),
(630, 1, 'Bài viết', '0:0:0:0:0:0:0:1', 'Sửa bài viết, Id:87', '2019-08-07 11:30:39'),
(631, 1, 'Hệ thống', '0:0:0:0:0:0:0:1', 'Đăng nhập', '2019-08-07 15:35:33'),
(632, 1, 'Hệ thống', '0:0:0:0:0:0:0:1', 'Đăng nhập', '2019-08-07 16:33:57'),
(633, 1, 'Bài viết', '0:0:0:0:0:0:0:1', 'Sửa bài viết, Id:87', '2019-08-07 17:27:35'),
(634, 1, 'Bài viết', '0:0:0:0:0:0:0:1', 'Sửa bài viết, Id:87', '2019-08-07 17:29:35'),
(635, 1, 'Bài viết', '0:0:0:0:0:0:0:1', 'Sửa bài viết, Id:87', '2019-08-07 17:29:48'),
(636, 1, 'Bài viết', '0:0:0:0:0:0:0:1', 'Sửa bài viết, Id:87', '2019-08-07 17:31:22'),
(637, 1, 'Bài viết', '0:0:0:0:0:0:0:1', 'Sửa bài viết, Id:87', '2019-08-07 17:31:38'),
(638, 1, 'Bài viết', '0:0:0:0:0:0:0:1', 'Sửa bài viết, Id:87', '2019-08-07 17:31:57');
INSERT INTO `adm_log_access` (`ID`, `USER_ID`, `MODULE_ID`, `IP`, `ACTIONS`, `GEN_DATE`) VALUES
(639, 1, 'Hệ thống', '0:0:0:0:0:0:0:1', 'Đăng nhập', '2019-08-07 17:44:05'),
(640, 1, 'Hệ thống', '0:0:0:0:0:0:0:1', 'Đăng nhập', '2019-08-07 17:50:51'),
(641, 1, 'Bài viết', '0:0:0:0:0:0:0:1', 'Sửa bài viết, Id:87', '2019-08-07 18:08:57'),
(642, 1, 'Bài viết', '0:0:0:0:0:0:0:1', 'Sửa bài viết, Id:87', '2019-08-07 18:09:20'),
(643, 1, 'Bài viết', '0:0:0:0:0:0:0:1', 'Sửa bài viết, Id:87', '2019-08-07 18:24:24'),
(644, 1, 'Bài viết', '0:0:0:0:0:0:0:1', 'Sửa bài viết, Id:87', '2019-08-07 18:24:36'),
(645, 1, 'Bài viết', '0:0:0:0:0:0:0:1', 'Sửa bài viết, Id:87', '2019-08-07 18:25:09'),
(646, 1, 'Bài viết', '0:0:0:0:0:0:0:1', 'Sửa bài viết, Id:87', '2019-08-07 18:25:25'),
(647, 1, 'Hệ thống', '0:0:0:0:0:0:0:1', 'Đăng nhập', '2019-08-07 18:30:53'),
(648, 1, 'Bài viết', '0:0:0:0:0:0:0:1', 'Sửa bài viết, Id:87', '2019-08-07 18:31:36'),
(649, 1, 'Bài viết', '0:0:0:0:0:0:0:1', 'Sửa bài viết, Id:87', '2019-08-07 18:49:16'),
(650, 1, 'Bài viết', '0:0:0:0:0:0:0:1', 'Sửa bài viết, Id:87', '2019-08-07 18:57:42'),
(651, 1, 'Bài viết', '0:0:0:0:0:0:0:1', 'Sửa bài viết, Id:87', '2019-08-07 18:57:53'),
(652, 1, 'Bài viết', '0:0:0:0:0:0:0:1', 'Sửa bài viết, Id:87', '2019-08-07 18:58:12'),
(653, 1, 'Bài viết', '0:0:0:0:0:0:0:1', 'Sửa bài viết, Id:87', '2019-08-07 19:06:24'),
(654, 1, 'Bài viết', '0:0:0:0:0:0:0:1', 'Xóa bài viết, Id:87', '2019-08-07 19:07:02'),
(655, 1, 'Hệ thống', '0:0:0:0:0:0:0:1', 'Đăng nhập', '2019-08-08 01:36:34'),
(656, 1, 'Hệ thống', '0:0:0:0:0:0:0:1', 'Đăng nhập', '2019-08-08 02:05:29'),
(657, 1, 'Hệ thống', '0:0:0:0:0:0:0:1', 'Đăng nhập', '2019-08-08 03:21:12'),
(658, 1, 'Bài viết', '0:0:0:0:0:0:0:1', 'Thêm bài viết. Id:88', '2019-08-08 03:21:56'),
(659, 1, 'Bài viết', '0:0:0:0:0:0:0:1', 'Thêm bài viết. Id:89', '2019-08-08 03:32:22'),
(660, 1, 'Hệ thống', '0:0:0:0:0:0:0:1', 'Đăng nhập', '2019-08-08 06:40:26'),
(661, 1, 'Bài viết', '0:0:0:0:0:0:0:1', 'Thêm bài viết. Id:90', '2019-08-08 06:43:42'),
(662, 1, 'Bài viết', '0:0:0:0:0:0:0:1', 'Thêm bài viết. Id:91', '2019-08-08 07:06:54'),
(663, 1, 'Bài viết', '0:0:0:0:0:0:0:1', 'Thêm bài viết. Id:92', '2019-08-08 07:15:46'),
(664, 1, 'Bài viết', '0:0:0:0:0:0:0:1', 'Thêm bài viết. Id:93', '2019-08-08 07:18:21'),
(665, 1, 'Bài viết', '0:0:0:0:0:0:0:1', 'Thêm bài viết. Id:94', '2019-08-08 07:19:58'),
(666, 1, 'Bài viết', '0:0:0:0:0:0:0:1', 'Thêm bài viết. Id:95', '2019-08-08 07:21:29'),
(667, 1, 'Bài viết', '0:0:0:0:0:0:0:1', 'Thêm bài viết. Id:96', '2019-08-08 08:22:41'),
(668, 1, 'Bài viết', '0:0:0:0:0:0:0:1', 'Thêm bài viết. Id:97', '2019-08-08 08:26:08'),
(669, 1, 'Bài viết', '0:0:0:0:0:0:0:1', 'Thêm bài viết. Id:98', '2019-08-08 08:27:39'),
(670, 1, 'Bài viết', '0:0:0:0:0:0:0:1', 'Thêm bài viết. Id:99', '2019-08-08 08:29:37'),
(671, 1, 'Bài viết', '0:0:0:0:0:0:0:1', 'Thêm bài viết. Id:100', '2019-08-08 08:35:15'),
(672, 1, 'Hệ thống', '0:0:0:0:0:0:0:1', 'Đăng nhập', '2019-08-08 08:37:10'),
(673, 1, 'Bài viết', '0:0:0:0:0:0:0:1', 'Thêm bài viết. Id:101', '2019-08-08 08:37:39'),
(674, 1, 'Hệ thống', '0:0:0:0:0:0:0:1', 'Đăng nhập', '2019-08-08 09:01:36'),
(675, 1, 'Bài viết', '0:0:0:0:0:0:0:1', 'Sửa bài viết, Id:101', '2019-08-08 09:04:17'),
(676, 1, 'Bài viết', '0:0:0:0:0:0:0:1', 'Sửa bài viết, Id:101', '2019-08-08 09:07:09'),
(677, 1, 'Bài viết', '0:0:0:0:0:0:0:1', 'Sửa bài viết, Id:101', '2019-08-08 09:08:18'),
(678, 1, 'Hệ thống', '0:0:0:0:0:0:0:1', 'Đăng nhập', '2019-08-08 09:46:20'),
(679, 1, 'Bài viết', '0:0:0:0:0:0:0:1', 'Sửa bài viết, Id:101', '2019-08-08 09:46:49'),
(680, 1, 'Bài viết', '0:0:0:0:0:0:0:1', 'Sửa bài viết, Id:101', '2019-08-08 09:48:04'),
(681, 1, 'Bài viết', '0:0:0:0:0:0:0:1', 'Sửa bài viết, Id:101', '2019-08-08 09:48:19'),
(682, 1, 'Bài viết', '0:0:0:0:0:0:0:1', 'Thêm bài viết. Id:102', '2019-08-08 10:15:05'),
(683, 1, 'Hệ thống', '0:0:0:0:0:0:0:1', 'Đăng nhập', '2019-08-09 01:30:27'),
(684, 1, 'Tổ chức công chứng', '0:0:0:0:0:0:0:1', 'Thêm TCCC. Id:77', '2019-08-09 03:10:11'),
(685, 1, 'Tổ chức công chứng', '0:0:0:0:0:0:0:1', 'Thêm TCCC. Id:82', '2019-08-09 03:45:22'),
(686, 1, 'Hệ thống', '0:0:0:0:0:0:0:1', 'Đăng nhập', '2019-08-09 06:45:08'),
(687, 1, 'Hệ thống', '0:0:0:0:0:0:0:1', 'Đăng nhập', '2019-08-09 09:58:27'),
(688, 1, 'Hệ thống', '0:0:0:0:0:0:0:1', 'Đăng nhập', '2019-08-09 10:43:03'),
(689, 1, 'Hệ thống', '0:0:0:0:0:0:0:1', 'Đăng nhập', '2019-08-09 11:47:34'),
(690, 1, 'Hệ thống', '0:0:0:0:0:0:0:1', 'Đăng nhập', '2019-08-09 11:49:45'),
(691, 1, 'Hệ thống', '0:0:0:0:0:0:0:1', 'Đăng nhập', '2019-08-09 12:57:28'),
(692, 1, 'Hệ thống', '0:0:0:0:0:0:0:1', 'Đăng nhập', '2019-08-09 12:59:19'),
(693, 1, 'Hệ thống', '0:0:0:0:0:0:0:1', 'Đăng nhập', '2019-08-09 18:37:01'),
(694, 1, 'Bài viết', '0:0:0:0:0:0:0:1', 'Thêm bài viết. Id:103', '2019-08-09 20:05:21'),
(695, 1, 'Hệ thống', '0:0:0:0:0:0:0:1', 'Đăng nhập', '2019-08-10 11:04:00'),
(696, 1, 'Hệ thống', '0:0:0:0:0:0:0:1', 'Đăng nhập', '2019-08-10 11:12:08'),
(697, 1, 'Bài viết', '0:0:0:0:0:0:0:1', 'Thêm bài viết. Id:104', '2019-08-10 11:12:35'),
(698, 1, 'Bài viết', '0:0:0:0:0:0:0:1', 'Thêm bài viết. Id:105', '2019-08-10 11:15:52'),
(699, 1, 'Hệ thống', '0:0:0:0:0:0:0:1', 'Đăng nhập', '2019-08-10 13:29:29'),
(700, 1, 'Hệ thống', '0:0:0:0:0:0:0:1', 'Đăng nhập', '2019-08-10 15:05:29'),
(701, 1, 'Bài viết', '0:0:0:0:0:0:0:1', 'Sửa bài viết, Id:105', '2019-08-10 15:10:36'),
(702, 1, 'Hệ thống', '0:0:0:0:0:0:0:1', 'Đăng nhập', '2019-08-10 15:33:56'),
(703, 1, 'Hệ thống', '0:0:0:0:0:0:0:1', 'Đăng nhập', '2019-08-10 16:17:13'),
(704, 1, 'Hệ thống', '0:0:0:0:0:0:0:1', 'Đăng nhập', '2019-08-11 00:26:31'),
(705, 1, 'Hệ thống', '0:0:0:0:0:0:0:1', 'Đăng nhập', '2019-08-13 15:42:36'),
(706, 1, 'User', '0:0:0:0:0:0:0:1', 'Thêm người dùng', '2019-08-13 15:46:31'),
(707, 1, 'Hệ thống', '0:0:0:0:0:0:0:1', 'Đăng nhập', '2019-08-13 17:16:54'),
(708, 1, 'User', '0:0:0:0:0:0:0:1', 'Sửa người dùng:1', '2019-08-13 17:31:30'),
(709, 1, 'User', '0:0:0:0:0:0:0:1', 'Sửa người dùng:1', '2019-08-13 17:31:38'),
(710, 1, 'Hệ thống', '0:0:0:0:0:0:0:1', 'Đăng nhập', '2019-08-13 18:00:13'),
(711, 1, 'Hệ thống', '0:0:0:0:0:0:0:1', 'Đăng nhập', '2019-08-13 18:32:29'),
(712, 1, 'Hệ thống', '0:0:0:0:0:0:0:1', 'Đăng nhập', '2019-08-14 01:28:21'),
(713, 1, 'Hệ thống', '0:0:0:0:0:0:0:1', 'Đăng nhập', '2019-08-14 01:46:17'),
(714, 1, 'User', '0:0:0:0:0:0:0:1', 'Sửa người dùng:701', '2019-08-14 01:47:44'),
(715, 1, 'User', '0:0:0:0:0:0:0:1', 'Sửa người dùng:701', '2019-08-14 01:47:59'),
(716, 1, 'User', '0:0:0:0:0:0:0:1', 'Sửa người dùng:499', '2019-08-14 01:51:51'),
(717, 1, 'User', '0:0:0:0:0:0:0:1', 'Sửa người dùng:499', '2019-08-14 02:01:22'),
(718, 1, 'User', '0:0:0:0:0:0:0:1', 'Sửa người dùng:499', '2019-08-14 02:03:53'),
(719, 1, 'User', '0:0:0:0:0:0:0:1', 'Sửa người dùng:499', '2019-08-14 02:04:06'),
(720, 1, 'User', '0:0:0:0:0:0:0:1', 'Sửa người dùng:499', '2019-08-14 02:06:21'),
(721, 1, 'User', '0:0:0:0:0:0:0:1', 'Sửa người dùng:499', '2019-08-14 02:06:57'),
(722, 1, 'User', '0:0:0:0:0:0:0:1', 'Sửa người dùng:499', '2019-08-14 02:07:06'),
(723, 1, 'User', '0:0:0:0:0:0:0:1', 'Sửa người dùng:499', '2019-08-14 02:08:26'),
(724, 1, 'Hệ thống', '0:0:0:0:0:0:0:1', 'Đăng nhập', '2019-08-14 02:36:25'),
(725, 1, 'Hệ thống', '0:0:0:0:0:0:0:1', 'Đăng xuất', '2019-08-14 02:36:36'),
(726, 1, 'Hệ thống', '0:0:0:0:0:0:0:1', 'Đăng nhập', '2019-08-14 03:23:02'),
(727, 1, 'Hệ thống', '0:0:0:0:0:0:0:1', 'Đăng xuất', '2019-08-14 03:33:18'),
(728, 1, 'Hệ thống', '0:0:0:0:0:0:0:1', 'Đăng nhập', '2019-08-14 03:36:56'),
(729, 1, 'Hệ thống', '0:0:0:0:0:0:0:1', 'Đăng xuất', '2019-08-14 03:37:00'),
(730, 1, 'Hệ thống', '0:0:0:0:0:0:0:1', 'Đăng nhập', '2019-08-14 04:19:48'),
(731, 1, 'Hệ thống', '0:0:0:0:0:0:0:1', 'Đăng nhập', '2019-08-14 04:27:55'),
(732, 1, 'User', '0:0:0:0:0:0:0:1', 'Sửa người dùng:499', '2019-08-14 04:28:46'),
(733, 1, 'Hệ thống', '0:0:0:0:0:0:0:1', 'Đăng xuất', '2019-08-14 04:28:50'),
(734, 1, 'Hệ thống', '0:0:0:0:0:0:0:1', 'Đăng nhập', '2019-08-14 04:29:10'),
(735, 1, 'User', '0:0:0:0:0:0:0:1', 'Sửa người dùng:499', '2019-08-14 04:31:07'),
(736, 1, 'User', '0:0:0:0:0:0:0:1', 'Sửa người dùng:499', '2019-08-14 04:31:29'),
(737, 1, 'Hệ thống', '0:0:0:0:0:0:0:1', 'Đăng xuất', '2019-08-14 04:31:38'),
(738, 499, 'Hệ thống', '0:0:0:0:0:0:0:1', 'Đăng nhập', '2019-08-14 04:31:45'),
(739, 499, 'Hệ thống', '0:0:0:0:0:0:0:1', 'Đăng nhập', '2019-08-14 04:32:37'),
(740, 1, 'Hệ thống', '0:0:0:0:0:0:0:1', 'Đăng nhập', '2019-08-14 04:48:59'),
(741, 1, 'Hệ thống', '0:0:0:0:0:0:0:1', 'Đăng xuất', '2019-08-14 04:49:08'),
(742, 499, 'Hệ thống', '0:0:0:0:0:0:0:1', 'Đăng nhập', '2019-08-14 05:36:25'),
(743, 499, 'Hệ thống', '0:0:0:0:0:0:0:1', 'Đăng xuất', '2019-08-14 05:37:42'),
(744, 499, 'Hệ thống', '0:0:0:0:0:0:0:1', 'Đăng nhập', '2019-08-14 05:38:01'),
(745, 499, 'Hệ thống', '0:0:0:0:0:0:0:1', 'Đăng xuất', '2019-08-14 05:42:24'),
(746, 499, 'Hệ thống', '0:0:0:0:0:0:0:1', 'Đăng nhập', '2019-08-14 05:47:46'),
(747, 499, 'Hệ thống', '0:0:0:0:0:0:0:1', 'Đăng xuất', '2019-08-14 05:47:50'),
(748, 1, 'Hệ thống', '0:0:0:0:0:0:0:1', 'Đăng nhập', '2019-08-14 05:52:45'),
(749, 1, 'Hệ thống', '0:0:0:0:0:0:0:1', 'Đăng xuất', '2019-08-14 05:52:57'),
(750, 1, 'Hệ thống', '0:0:0:0:0:0:0:1', 'Đăng nhập', '2019-08-14 07:25:37'),
(751, 1, 'Hệ thống', '0:0:0:0:0:0:0:1', 'Đăng nhập', '2019-08-14 07:40:59'),
(752, 1, 'User', '0:0:0:0:0:0:0:1', 'Sửa người dùng:499', '2019-08-14 07:46:02'),
(753, 1, 'Hệ thống', '0:0:0:0:0:0:0:1', 'Đăng nhập', '2019-08-14 09:22:19'),
(754, 1, 'Hệ thống', '0:0:0:0:0:0:0:1', 'Đăng xuất', '2019-08-14 09:35:17'),
(755, 1, 'Hệ thống', '0:0:0:0:0:0:0:1', 'Đăng nhập', '2019-08-15 02:20:27'),
(756, 1, 'Hệ thống', '0:0:0:0:0:0:0:1', 'Đăng nhập', '2019-08-16 04:07:04'),
(757, 1, 'Hệ thống', '0:0:0:0:0:0:0:1', 'Đăng nhập', '2019-08-16 06:46:28'),
(758, 1, 'Hệ thống', '0:0:0:0:0:0:0:1', 'Đăng nhập', '2019-08-16 09:33:42'),
(759, 1, 'Tổ chức công chứng', '0:0:0:0:0:0:0:1', 'Thêm TCCC. Id:84', '2019-08-16 09:53:17'),
(760, 1, 'Hệ thống', '0:0:0:0:0:0:0:1', 'Đăng nhập', '2019-08-16 12:34:28'),
(761, 1, 'Hệ thống', '0:0:0:0:0:0:0:1', 'Đăng nhập', '2019-08-17 08:38:41'),
(762, 1, 'Hệ thống', '0:0:0:0:0:0:0:1', 'Đăng nhập', '2019-08-18 15:05:00'),
(763, 1, 'Hệ thống', '0:0:0:0:0:0:0:1', 'Đăng nhập', '2019-08-19 17:23:06'),
(764, 1, 'Hệ thống', '0:0:0:0:0:0:0:1', 'Đăng nhập', '2019-08-19 17:58:18'),
(765, 1, 'Hệ thống', '0:0:0:0:0:0:0:1', 'Đăng nhập', '2019-08-20 09:31:32'),
(766, 1, 'Hệ thống', '0:0:0:0:0:0:0:1', 'Đăng nhập', '2019-08-20 17:18:49'),
(767, 1, 'Hệ thống', '0:0:0:0:0:0:0:1', 'Đăng nhập', '2019-08-21 03:57:01'),
(768, 1, 'Hệ thống', '0:0:0:0:0:0:0:1', 'Đăng nhập', '2019-08-21 08:28:16'),
(769, 1, 'Hệ thống', '0:0:0:0:0:0:0:1', 'Đăng nhập', '2019-08-21 08:33:01'),
(770, 1, 'Hệ thống', '0:0:0:0:0:0:0:1', 'Đăng nhập', '2019-08-21 08:35:10'),
(771, 1, 'Hệ thống', '0:0:0:0:0:0:0:1', 'Đăng nhập', '2019-08-21 08:38:33'),
(772, 1, 'Hệ thống', '0:0:0:0:0:0:0:1', 'Đăng nhập', '2019-08-21 09:25:09'),
(773, 1, 'Hệ thống', '0:0:0:0:0:0:0:1', 'Đăng nhập', '2019-08-22 01:56:54'),
(774, 1, 'Hệ thống', '0:0:0:0:0:0:0:1', 'Đăng nhập', '2019-08-23 04:25:17'),
(775, 1, 'Hệ thống', '0:0:0:0:0:0:0:1', 'Đăng nhập', '2019-08-23 04:41:53'),
(776, 1, 'Hệ thống', '0:0:0:0:0:0:0:1', 'Đăng nhập', '2019-08-23 07:12:13'),
(777, 1, 'Hệ thống', '0:0:0:0:0:0:0:1', 'Đăng nhập', '2019-08-23 07:50:35'),
(778, 1, 'Hệ thống', '0:0:0:0:0:0:0:1', 'Đăng nhập', '2019-08-23 11:35:25'),
(779, 1, 'Hệ thống', '0:0:0:0:0:0:0:1', 'Đăng nhập', '2019-08-23 12:54:46'),
(780, 1, 'Hệ thống', '0:0:0:0:0:0:0:1', 'Đăng nhập', '2019-08-24 15:52:47'),
(781, 1, 'Hệ thống', '0:0:0:0:0:0:0:1', 'Đăng nhập', '2019-08-24 16:36:01'),
(782, 1, 'Hệ thống', '0:0:0:0:0:0:0:1', 'Đăng nhập', '2019-08-25 03:12:58'),
(783, 1, 'Hệ thống', '0:0:0:0:0:0:0:1', 'Đăng nhập', '2019-08-25 16:31:41'),
(784, 1, 'Hệ thống', '0:0:0:0:0:0:0:1', 'Đăng xuất', '2019-08-25 17:22:13'),
(785, 1, 'Hệ thống', '0:0:0:0:0:0:0:1', 'Đăng nhập', '2019-08-25 17:22:15'),
(786, 1, 'Bài viết', '0:0:0:0:0:0:0:1', 'Sửa bài viết, Id:105', '2019-08-25 17:27:40'),
(787, 1, 'Bài viết', '0:0:0:0:0:0:0:1', 'Sửa bài viết, Id:105', '2019-08-25 17:27:49'),
(788, 1, 'Hệ thống', '0:0:0:0:0:0:0:1', 'Đăng nhập', '2019-08-26 01:17:11'),
(789, 1, 'Hệ thống', '0:0:0:0:0:0:0:1', 'Đăng nhập', '2019-08-26 07:42:36'),
(790, 1, 'Hệ thống', '0:0:0:0:0:0:0:1', 'Đăng nhập', '2019-08-26 08:10:08'),
(791, 1, 'Hệ thống', '0:0:0:0:0:0:0:1', 'Đăng nhập', '2019-08-27 03:22:46'),
(792, 1, 'Hệ thống', '0:0:0:0:0:0:0:1', 'Đăng nhập', '2019-08-27 07:38:28'),
(793, 1, 'Hệ thống', '0:0:0:0:0:0:0:1', 'Đăng nhập', '2019-08-27 09:40:36'),
(794, 1, 'Hệ thống', '0:0:0:0:0:0:0:1', 'Đăng nhập', '2019-08-27 09:47:09'),
(795, 1, 'Hệ thống', '0:0:0:0:0:0:0:1', 'Đăng nhập', '2019-08-27 09:57:55'),
(796, 1, 'Hệ thống', '0:0:0:0:0:0:0:1', 'Đăng nhập', '2019-08-27 10:15:48'),
(797, 1, 'Hệ thống', '0:0:0:0:0:0:0:1', 'Đăng nhập', '2019-08-27 16:19:19'),
(798, 1, 'Hệ thống', '0:0:0:0:0:0:0:1', 'Đăng nhập', '2019-08-27 17:18:40'),
(799, 1, 'Hệ thống', '0:0:0:0:0:0:0:1', 'Đăng nhập', '2019-08-28 01:05:30'),
(800, 1, 'Hệ thống', '0:0:0:0:0:0:0:1', 'Đăng nhập', '2019-08-28 01:52:49'),
(801, 1, 'User', '0:0:0:0:0:0:0:1', 'Thêm người dùng', '2019-08-28 02:05:51'),
(802, 1, 'User', '0:0:0:0:0:0:0:1', 'Thêm người dùng', '2019-08-28 02:06:05'),
(803, 1, 'User', '0:0:0:0:0:0:0:1', 'Thêm người dùng', '2019-08-28 02:06:25'),
(804, 1, 'User', '0:0:0:0:0:0:0:1', 'Thêm người dùng', '2019-08-28 02:06:40'),
(805, 1, 'User', '0:0:0:0:0:0:0:1', 'Thêm người dùng', '2019-08-28 02:07:04'),
(806, 1, 'User', '0:0:0:0:0:0:0:1', 'Thêm người dùng', '2019-08-28 02:08:04'),
(807, 1, 'User', '0:0:0:0:0:0:0:1', 'Thêm người dùng', '2019-08-28 02:08:16'),
(808, 1, 'User', '0:0:0:0:0:0:0:1', 'Thêm người dùng', '2019-08-28 02:08:29'),
(809, 1, 'User', '0:0:0:0:0:0:0:1', 'Thêm người dùng', '2019-08-28 02:08:43'),
(810, 1, 'User', '0:0:0:0:0:0:0:1', 'Thêm người dùng', '2019-08-28 02:08:59'),
(811, 1, 'User', '0:0:0:0:0:0:0:1', 'Thêm người dùng', '2019-08-28 02:09:13'),
(812, 1, 'User', '0:0:0:0:0:0:0:1', 'Thêm người dùng', '2019-08-28 02:09:26'),
(813, 1, 'User', '0:0:0:0:0:0:0:1', 'Thêm người dùng', '2019-08-28 02:09:42'),
(816, 1, 'User', '0:0:0:0:0:0:0:1', 'Thêm người dùng', '2019-08-28 02:10:18'),
(819, 1, 'User', '0:0:0:0:0:0:0:1', 'Thêm người dùng', '2019-08-28 02:10:55'),
(822, 1, 'User', '0:0:0:0:0:0:0:1', 'Thêm người dùng', '2019-08-28 02:12:06'),
(823, 1, 'User', '0:0:0:0:0:0:0:1', 'Thêm người dùng', '2019-08-28 02:12:19'),
(824, 1, 'User', '0:0:0:0:0:0:0:1', 'Thêm người dùng', '2019-08-28 02:12:32'),
(825, 1, 'User', '0:0:0:0:0:0:0:1', 'Thêm người dùng', '2019-08-28 02:12:46'),
(826, 1, 'User', '0:0:0:0:0:0:0:1', 'Thêm người dùng', '2019-08-28 02:13:00'),
(827, 1, 'Hệ thống', '0:0:0:0:0:0:0:1', 'Đăng nhập', '2019-08-28 02:48:46'),
(828, 1, 'Hệ thống', '0:0:0:0:0:0:0:1', 'Đăng nhập', '2019-08-29 01:18:44'),
(829, 1, 'Bài viết', '0:0:0:0:0:0:0:1', 'Thêm bài viết. Id:106', '2019-08-29 01:38:29'),
(830, 1, 'Bài viết', '0:0:0:0:0:0:0:1', 'Thêm bài viết. Id:111', '2019-08-29 01:45:04'),
(831, 1, 'Bài viết', '0:0:0:0:0:0:0:1', 'Thêm bài viết. Id:113', '2019-08-29 02:10:12'),
(832, 1, 'Bài viết', '0:0:0:0:0:0:0:1', 'Sửa bài viết, Id:113', '2019-08-29 02:10:58'),
(833, 1, 'Bài viết', '0:0:0:0:0:0:0:1', 'Sửa bài viết, Id:113', '2019-08-29 02:12:02'),
(834, 1, 'Bài viết', '0:0:0:0:0:0:0:1', 'Sửa bài viết, Id:113', '2019-08-29 02:13:48'),
(835, 1, 'Bài viết', '0:0:0:0:0:0:0:1', 'Sửa bài viết, Id:113', '2019-08-29 02:14:05'),
(836, 1, 'Bài viết', '0:0:0:0:0:0:0:1', 'Sửa bài viết, Id:106', '2019-08-29 02:37:26'),
(837, 1, 'Bài viết', '0:0:0:0:0:0:0:1', 'Sửa bài viết, Id:106', '2019-08-29 02:38:11'),
(838, 1, 'Bài viết', '0:0:0:0:0:0:0:1', 'Sửa bài viết, Id:106', '2019-08-29 02:39:28'),
(839, 1, 'Bài viết', '0:0:0:0:0:0:0:1', 'Sửa bài viết, Id:106', '2019-08-29 02:41:58'),
(840, 1, 'Bài viết', '0:0:0:0:0:0:0:1', 'Sửa bài viết, Id:106', '2019-08-29 02:42:29'),
(841, 1, 'Bài viết', '0:0:0:0:0:0:0:1', 'Sửa bài viết, Id:106', '2019-08-29 02:43:05'),
(842, 1, 'Bài viết', '0:0:0:0:0:0:0:1', 'Sửa bài viết, Id:106', '2019-08-29 02:43:23'),
(843, 1, 'Bài viết', '0:0:0:0:0:0:0:1', 'Sửa bài viết, Id:106', '2019-08-29 02:44:09'),
(844, 1, 'Bài viết', '0:0:0:0:0:0:0:1', 'Sửa bài viết, Id:106', '2019-08-29 02:44:16'),
(845, 1, 'Bài viết', '0:0:0:0:0:0:0:1', 'Sửa bài viết, Id:106', '2019-08-29 02:45:19'),
(846, 1, 'Bài viết', '0:0:0:0:0:0:0:1', 'Sửa bài viết, Id:106', '2019-08-29 02:45:45'),
(847, 1, 'Bài viết', '0:0:0:0:0:0:0:1', 'Sửa bài viết, Id:106', '2019-08-29 03:11:21'),
(848, 1, 'Bài viết', '0:0:0:0:0:0:0:1', 'Sửa bài viết, Id:106', '2019-08-29 03:13:07'),
(849, 1, 'Hệ thống', '0:0:0:0:0:0:0:1', 'Đăng nhập', '2019-08-29 03:29:25'),
(850, 1, 'Bài viết', '0:0:0:0:0:0:0:1', 'Sửa bài viết, Id:8', '2019-08-29 03:29:56'),
(851, 1, 'Hệ thống', '0:0:0:0:0:0:0:1', 'Đăng nhập', '2019-09-11 02:23:28'),
(852, 1, 'Hệ thống', '0:0:0:0:0:0:0:1', 'Đăng nhập', '2019-09-11 10:08:07'),
(853, 1, 'Hệ thống', '0:0:0:0:0:0:0:1', 'Đăng nhập', '2019-09-11 11:06:19'),
(854, 1, 'Hệ thống', '0:0:0:0:0:0:0:1', 'Đăng nhập', '2019-09-11 16:21:46'),
(855, 1, 'Hệ thống', '0:0:0:0:0:0:0:1', 'Đăng nhập', '2019-09-12 01:03:21'),
(856, 1, 'Hệ thống', '0:0:0:0:0:0:0:1', 'Đăng nhập', '2019-09-12 02:05:07'),
(857, 1, 'Bài viết', '0:0:0:0:0:0:0:1', 'Sửa bài viết, Id:113', '2019-09-12 02:14:35'),
(858, 1, 'Bài viết', '0:0:0:0:0:0:0:1', 'Sửa bài viết, Id:113', '2019-09-12 02:14:45'),
(859, 1, 'Bài viết', '0:0:0:0:0:0:0:1', 'Sửa bài viết, Id:113', '2019-09-12 02:29:28'),
(860, 1, 'Hệ thống', '0:0:0:0:0:0:0:1', 'Đăng nhập', '2019-09-17 16:19:13'),
(861, 1, 'Hệ thống', '0:0:0:0:0:0:0:1', 'Đăng nhập', '2019-09-17 16:28:26'),
(862, 1, 'Hệ thống', '0:0:0:0:0:0:0:1', 'Đăng nhập', '2019-09-17 16:36:43'),
(863, 1, 'Hệ thống', '0:0:0:0:0:0:0:1', 'Đăng nhập', '2019-09-20 08:15:48'),
(864, 1, 'Hệ thống', '0:0:0:0:0:0:0:1', 'Đăng nhập', '2019-09-26 11:12:43'),
(865, 1, 'Hệ thống', '0:0:0:0:0:0:0:1', 'Đăng nhập', '2019-09-27 04:36:14'),
(866, 1, 'Hệ thống', '0:0:0:0:0:0:0:1', 'Đăng nhập', '2019-09-27 04:40:07'),
(867, 1, 'Hệ thống', '0:0:0:0:0:0:0:1', 'Đăng xuất', '2019-09-27 04:46:12'),
(868, 1, 'Hệ thống', '0:0:0:0:0:0:0:1', 'Đăng nhập', '2019-09-27 04:46:19'),
(869, 1, 'Hệ thống', '0:0:0:0:0:0:0:1', 'Đăng nhập', '2019-09-27 06:42:26'),
(870, 1, 'Hệ thống', '0:0:0:0:0:0:0:1', 'Đăng nhập', '2019-09-27 07:01:42'),
(871, 1, 'Hệ thống', '0:0:0:0:0:0:0:1', 'Đăng nhập', '2019-09-27 07:08:55'),
(872, 1, 'Hệ thống', '0:0:0:0:0:0:0:1', 'Đăng nhập', '2019-09-27 07:42:00'),
(873, 1, 'Đối tác tra cứu TTNC', '0:0:0:0:0:0:0:1', 'Chỉnh sửa đối tác tra cứu TTNC. Id:1', '2019-09-27 07:53:41'),
(874, 1, 'Đối tác tra cứu TTNC', '0:0:0:0:0:0:0:1', 'Chỉnh sửa đối tác tra cứu TTNC. Id:1', '2019-09-27 07:54:44'),
(875, 1, 'Hệ thống', '0:0:0:0:0:0:0:1', 'Đăng nhập', '2019-09-27 07:57:25'),
(876, 1, 'Đối tác tra cứu TTNC', '0:0:0:0:0:0:0:1', 'Chỉnh sửa đối tác tra cứu TTNC. Id:1', '2019-09-27 07:57:55'),
(877, 1, 'Hệ thống', '0:0:0:0:0:0:0:1', 'Đăng nhập', '2019-09-27 08:03:21'),
(878, 1, 'Đối tác tra cứu TTNC', '0:0:0:0:0:0:0:1', 'Chỉnh sửa đối tác tra cứu TTNC. Id:1', '2019-09-27 08:03:29'),
(879, 1, 'Hệ thống', '0:0:0:0:0:0:0:1', 'Đăng nhập', '2019-09-28 06:42:34'),
(880, 1, 'Hệ thống', '0:0:0:0:0:0:0:1', 'Đăng nhập', '2019-09-28 07:26:41'),
(881, 1, 'Hệ thống', '0:0:0:0:0:0:0:1', 'Đăng nhập', '2019-09-28 11:20:13'),
(882, 1, 'Đối tác tra cứu TTNC', '0:0:0:0:0:0:0:1', 'Chỉnh sửa đối tác tra cứu TTNC. Id:1', '2019-09-28 11:20:29'),
(883, 1, 'Đối tác tra cứu TTNC', '0:0:0:0:0:0:0:1', 'Chỉnh sửa đối tác tra cứu TTNC. Id:1', '2019-09-28 11:21:25'),
(884, 1, 'Đối tác tra cứu TTNC', '0:0:0:0:0:0:0:1', 'Chỉnh sửa đối tác tra cứu TTNC. Id:1', '2019-09-28 11:22:12'),
(885, 1, 'Đối tác tra cứu TTNC', '0:0:0:0:0:0:0:1', 'Chỉnh sửa đối tác tra cứu TTNC. Id:1', '2019-09-28 11:23:09'),
(886, 1, 'Hệ thống', '0:0:0:0:0:0:0:1', 'Đăng nhập', '2019-09-28 11:32:17'),
(887, 1, 'Hệ thống', '0:0:0:0:0:0:0:1', 'Đăng nhập', '2019-09-28 11:39:09'),
(888, 1, 'Hệ thống', '0:0:0:0:0:0:0:1', 'Đăng nhập', '2019-09-28 11:41:50'),
(889, 1, 'Hệ thống', '0:0:0:0:0:0:0:1', 'Đăng nhập', '2019-09-28 11:46:36'),
(890, 1, 'Đối tác tra cứu TTNC', '0:0:0:0:0:0:0:1', 'Chỉnh sửa đối tác tra cứu TTNC. Id:1', '2019-09-28 11:46:51'),
(891, 1, 'Đối tác tra cứu TTNC', '0:0:0:0:0:0:0:1', 'Thêm đối tác tra cứu TTNC. Id:2', '2019-09-28 11:47:11'),
(892, 1, 'Đối tác tra cứu TTNC', '0:0:0:0:0:0:0:1', 'Thêm đối tác tra cứu TTNC. Id:3', '2019-09-28 11:47:50'),
(893, 1, 'Đối tác tra cứu TTNC', '0:0:0:0:0:0:0:1', 'Thêm đối tác tra cứu TTNC. Id:4', '2019-09-28 11:50:02'),
(894, 1, 'Hệ thống', '0:0:0:0:0:0:0:1', 'Đăng nhập', '2019-09-28 12:12:35'),
(895, 1, 'Đối tác tra cứu TTNC', '0:0:0:0:0:0:0:1', 'Thêm đối tác tra cứu TTNC. Id:5', '2019-09-28 12:12:59'),
(896, 1, 'Đối tác tra cứu TTNC', '0:0:0:0:0:0:0:1', 'Thêm đối tác tra cứu TTNC. Id:6', '2019-09-28 12:14:05'),
(897, 1, 'Hệ thống', '0:0:0:0:0:0:0:1', 'Đăng nhập', '2019-09-28 12:17:00'),
(898, 1, 'Đối tác tra cứu TTNC', '0:0:0:0:0:0:0:1', 'Thêm đối tác tra cứu TTNC. Id:7', '2019-09-28 12:17:12'),
(899, 1, 'Đối tác tra cứu TTNC', '0:0:0:0:0:0:0:1', 'Xóa đối tác tra cứu TTNC. Id:7', '2019-09-28 12:30:56'),
(900, 1, 'Đối tác tra cứu TTNC', '0:0:0:0:0:0:0:1', 'Xóa đối tác tra cứu TTNC. Id:6', '2019-09-28 12:31:00'),
(901, 1, 'Hệ thống', '0:0:0:0:0:0:0:1', 'Đăng nhập', '2019-09-28 18:48:40'),
(902, 1, 'Hệ thống', '0:0:0:0:0:0:0:1', 'Đăng nhập', '2019-09-28 18:51:46'),
(903, 1, 'Hệ thống', '0:0:0:0:0:0:0:1', 'Đăng nhập', '2019-09-28 19:06:08'),
(904, 1, 'Hệ thống', '0:0:0:0:0:0:0:1', 'Đăng nhập', '2019-09-29 15:12:29'),
(905, 1, 'Hệ thống', '0:0:0:0:0:0:0:1', 'Đăng nhập', '2019-09-29 16:54:11'),
(906, 1, 'Hệ thống', '0:0:0:0:0:0:0:1', 'Đăng nhập', '2019-09-30 09:04:44'),
(907, 1, 'Hệ thống', '0:0:0:0:0:0:0:1', 'Đăng nhập', '2019-09-30 11:02:03'),
(908, 1, 'Hệ thống', '0:0:0:0:0:0:0:1', 'Đăng nhập', '2019-09-30 11:10:43'),
(909, 1, 'Hệ thống', '0:0:0:0:0:0:0:1', 'Đăng nhập', '2019-09-30 11:28:22'),
(910, 1, 'Hệ thống', '0:0:0:0:0:0:0:1', 'Đăng nhập', '2019-09-30 11:34:52'),
(911, 1, 'Hệ thống', '0:0:0:0:0:0:0:1', 'Đăng nhập', '2019-10-01 01:00:19'),
(912, 1, 'Hệ thống', '0:0:0:0:0:0:0:1', 'Đăng nhập', '2019-10-01 01:09:57'),
(913, 1, 'User', '0:0:0:0:0:0:0:1', 'Sửa người dùng:1', '2019-10-01 01:54:34'),
(914, 1, 'Hệ thống', '0:0:0:0:0:0:0:1', 'Đăng nhập', '2019-10-01 02:56:53'),
(915, 1, 'Hệ thống', '0:0:0:0:0:0:0:1', 'Đăng nhập', '2019-10-01 03:47:31'),
(916, 1, 'Hệ thống', '0:0:0:0:0:0:0:1', 'Đăng nhập', '2019-10-01 04:32:39'),
(917, 1, 'Hệ thống', '0:0:0:0:0:0:0:1', 'Đăng nhập', '2019-10-03 11:00:39'),
(918, 1, 'Đối tác tra cứu TTNC', '0:0:0:0:0:0:0:1', 'Chỉnh sửa đối tác tra cứu TTNC. Id:2', '2019-10-03 11:01:22'),
(919, 1, 'Đối tác tra cứu TTNC', '0:0:0:0:0:0:0:1', 'Chỉnh sửa đối tác tra cứu TTNC. Id:1', '2019-10-03 11:09:59'),
(920, 1, 'Hệ thống', '0:0:0:0:0:0:0:1', 'Đăng nhập', '2019-10-05 10:10:05'),
(921, 1, 'Hệ thống', '0:0:0:0:0:0:0:1', 'Đăng nhập', '2020-03-04 10:29:17'),
(922, 1, 'Hệ thống', '0:0:0:0:0:0:0:1', 'Đăng nhập', '2020-03-04 10:51:52'),
(923, 1, 'Bài viết', '0:0:0:0:0:0:0:1', 'Thêm bài viết. Id:114', '2020-03-04 10:53:27'),
(924, 1, 'Hệ thống', '0:0:0:0:0:0:0:1', 'Đăng nhập', '2020-03-04 10:58:10'),
(925, 1, 'Bài viết', '0:0:0:0:0:0:0:1', 'Sửa bài viết, Id:114', '2020-03-04 10:58:33'),
(926, 1, 'Hệ thống', '0:0:0:0:0:0:0:1', 'Đăng nhập', '2020-03-04 11:17:54'),
(927, 1, 'Hệ thống', '0:0:0:0:0:0:0:1', 'Đăng nhập', '2020-03-05 10:02:16'),
(928, 1, 'Nhóm quyền', '0:0:0:0:0:0:0:1', 'Xóa nhóm quyền Id:399', '2020-03-05 10:02:47'),
(929, 1, 'Hệ thống', '0:0:0:0:0:0:0:1', 'Đăng nhập', '2020-03-05 17:45:45'),
(930, 1, 'Hệ thống', '0:0:0:0:0:0:0:1', 'Đăng nhập', '2020-03-05 18:34:13'),
(931, 1, 'Hệ thống', '0:0:0:0:0:0:0:1', 'Đăng nhập', '2020-03-05 20:41:07'),
(932, 1, 'Hệ thống', '0:0:0:0:0:0:0:1', 'Đăng nhập', '2020-03-05 20:57:44'),
(933, 1, 'Hệ thống', '0:0:0:0:0:0:0:1', 'Đăng nhập', '2020-03-05 21:04:04'),
(934, 1, 'Hệ thống', '0:0:0:0:0:0:0:1', 'Đăng nhập', '2020-03-05 21:11:39'),
(935, 1, 'Hệ thống', '0:0:0:0:0:0:0:1', 'Đăng nhập', '2020-03-06 01:16:36'),
(936, 1, 'Nhóm quyền', '0:0:0:0:0:0:0:1', 'Xóa nhóm quyền Id:417', '2020-03-06 01:16:44'),
(937, 1, 'Nhóm quyền', '0:0:0:0:0:0:0:1', 'Xóa nhóm quyền Id:299', '2020-03-06 01:16:47'),
(938, 1, 'Nhóm quyền', '0:0:0:0:0:0:0:1', 'Xóa nhóm quyền Id:99', '2020-03-06 01:16:49'),
(939, 1, 'User', '0:0:0:0:0:0:0:1', 'Sửa người dùng:1', '2020-03-06 01:21:54'),
(940, 1, 'User', '0:0:0:0:0:0:0:1', 'Sửa người dùng:1', '2020-03-06 01:22:12'),
(941, 1, 'User', '0:0:0:0:0:0:0:1', 'Thêm người dùng', '2020-03-06 01:22:38'),
(942, 1, 'Hệ thống', '0:0:0:0:0:0:0:1', 'Đăng xuất', '2020-03-06 01:24:39'),
(943, 729, 'Hệ thống', '0:0:0:0:0:0:0:1', 'Đăng nhập', '2020-03-06 01:24:45'),
(944, 729, 'Hệ thống', '0:0:0:0:0:0:0:1', 'Đăng xuất', '2020-03-06 01:24:52'),
(945, 1, 'Hệ thống', '0:0:0:0:0:0:0:1', 'Đăng nhập', '2020-03-06 01:24:57'),
(946, 1, 'Hệ thống', '0:0:0:0:0:0:0:1', 'Đăng nhập', '2020-03-06 01:28:50'),
(947, 1, 'Hệ thống', '0:0:0:0:0:0:0:1', 'Đăng xuất', '2020-03-06 01:29:13'),
(948, 729, 'Hệ thống', '0:0:0:0:0:0:0:1', 'Đăng nhập', '2020-03-06 01:29:17'),
(949, 729, 'Hệ thống', '0:0:0:0:0:0:0:1', 'Đăng xuất', '2020-03-06 01:29:41'),
(950, 1, 'Hệ thống', '0:0:0:0:0:0:0:1', 'Đăng nhập', '2020-03-06 01:29:48'),
(951, 1, 'Hệ thống', '0:0:0:0:0:0:0:1', 'Đăng xuất', '2020-03-06 01:30:18'),
(952, 729, 'Hệ thống', '0:0:0:0:0:0:0:1', 'Đăng nhập', '2020-03-06 01:30:27'),
(953, 729, 'Hệ thống', '0:0:0:0:0:0:0:1', 'Đăng xuất', '2020-03-06 01:32:59'),
(954, 1, 'Hệ thống', '0:0:0:0:0:0:0:1', 'Đăng nhập', '2020-03-06 01:33:19'),
(955, 1, 'Hệ thống', '0:0:0:0:0:0:0:1', 'Đăng nhập', '2020-03-06 01:37:19'),
(956, 1, 'Hệ thống', '0:0:0:0:0:0:0:1', 'Đăng nhập', '2020-03-06 01:49:57'),
(957, 1, 'Hệ thống', '0:0:0:0:0:0:0:1', 'Đăng nhập', '2020-03-06 01:53:11'),
(958, 1, 'Hệ thống', '0:0:0:0:0:0:0:1', 'Đăng nhập', '2020-03-06 01:55:20'),
(959, 1, 'Hệ thống', '0:0:0:0:0:0:0:1', 'Đăng nhập', '2020-03-06 02:01:19'),
(960, 1, 'Hệ thống', '0:0:0:0:0:0:0:1', 'Đăng nhập', '2020-03-06 02:11:47'),
(961, 1, 'Hệ thống', '0:0:0:0:0:0:0:1', 'Đăng nhập', '2020-03-06 02:14:20'),
(962, 1, 'Hệ thống', '0:0:0:0:0:0:0:1', 'Đăng nhập', '2020-03-06 02:16:24'),
(963, 1, 'Hệ thống', '0:0:0:0:0:0:0:1', 'Đăng nhập', '2020-03-06 02:18:21'),
(964, 1, 'Hệ thống', '0:0:0:0:0:0:0:1', 'Đăng nhập', '2020-03-06 02:36:31'),
(965, 1, 'Hệ thống', '0:0:0:0:0:0:0:1', 'Đăng nhập', '2020-03-06 02:38:55'),
(966, 1, 'Hệ thống', '0:0:0:0:0:0:0:1', 'Đăng nhập', '2020-03-06 02:45:42'),
(967, 1, 'Hệ thống', '0:0:0:0:0:0:0:1', 'Đăng nhập', '2020-03-06 03:15:09'),
(968, 1, 'Hệ thống', '0:0:0:0:0:0:0:1', 'Đăng nhập', '2020-03-06 03:37:43'),
(969, 1, 'Hệ thống', '0:0:0:0:0:0:0:1', 'Đăng nhập', '2020-03-06 03:48:51'),
(970, 1, 'Hệ thống', '0:0:0:0:0:0:0:1', 'Đăng xuất', '2020-03-06 03:58:37'),
(971, 729, 'Hệ thống', '0:0:0:0:0:0:0:1', 'Đăng nhập', '2020-03-06 03:58:44'),
(972, 1, 'Hệ thống', '0:0:0:0:0:0:0:1', 'Đăng nhập', '2020-03-06 10:00:39'),
(973, 1, 'Hệ thống', '0:0:0:0:0:0:0:1', 'Đăng nhập', '2020-03-06 10:58:25'),
(974, 1, 'Hệ thống', '0:0:0:0:0:0:0:1', 'Đăng nhập', '2020-03-06 11:51:21'),
(975, 1, 'Hệ thống', '0:0:0:0:0:0:0:1', 'Đăng nhập', '2020-03-06 12:05:20'),
(976, 1, 'Hệ thống', '0:0:0:0:0:0:0:1', 'Đăng nhập', '2020-03-06 12:10:47'),
(977, 1, 'Hệ thống', '0:0:0:0:0:0:0:1', 'Đăng nhập', '2020-03-06 17:52:08'),
(978, 1, 'Hệ thống', '0:0:0:0:0:0:0:1', 'Đăng nhập', '2020-03-06 18:30:36'),
(979, 1, 'Hệ thống', '0:0:0:0:0:0:0:1', 'Đăng nhập', '2020-03-06 19:18:14'),
(980, 1, 'Hệ thống', '0:0:0:0:0:0:0:1', 'Đăng nhập', '2020-03-10 10:05:54'),
(981, 1, 'Hệ thống', '0:0:0:0:0:0:0:1', 'Đăng xuất', '2020-03-10 10:23:46'),
(982, 1, 'Hệ thống', '0:0:0:0:0:0:0:1', 'Đăng nhập', '2020-03-10 10:23:52'),
(983, 1, 'Hệ thống', '0:0:0:0:0:0:0:1', 'Đăng nhập', '2020-03-10 10:40:11'),
(984, 1, 'Hệ thống', '0:0:0:0:0:0:0:1', 'Đăng nhập', '2020-03-10 10:42:45'),
(985, 1, 'Hệ thống', '0:0:0:0:0:0:0:1', 'Đăng nhập', '2020-03-10 10:45:15'),
(986, 1, 'Hệ thống', '0:0:0:0:0:0:0:1', 'Đăng nhập', '2020-03-10 11:10:00'),
(987, 1, 'Hệ thống', '0:0:0:0:0:0:0:1', 'Đăng nhập', '2020-03-10 18:23:16'),
(988, 1, 'Hệ thống', '0:0:0:0:0:0:0:1', 'Đăng nhập', '2020-03-10 18:51:31'),
(989, 1, 'Hệ thống', '0:0:0:0:0:0:0:1', 'Đăng nhập', '2020-03-10 19:22:48'),
(990, 1, 'Hệ thống', '0:0:0:0:0:0:0:1', 'Đăng nhập', '2020-03-11 21:06:54'),
(991, 1, 'Hệ thống', '0:0:0:0:0:0:0:1', 'Đăng nhập', '2020-03-12 02:23:38'),
(992, 1, 'Hệ thống', '0:0:0:0:0:0:0:1', 'Đăng nhập', '2020-03-12 07:13:00'),
(993, 1, 'Hệ thống', '0:0:0:0:0:0:0:1', 'Đăng nhập', '2020-03-12 08:16:12'),
(994, 1, 'Hệ thống', '0:0:0:0:0:0:0:1', 'Đăng nhập', '2020-03-12 08:17:59'),
(995, 1, 'Hệ thống', '0:0:0:0:0:0:0:1', 'Đăng nhập', '2020-03-12 08:28:08'),
(996, 1, 'Hệ thống', '0:0:0:0:0:0:0:1', 'Đăng nhập', '2020-03-12 08:42:25'),
(997, 1, 'Hệ thống', '0:0:0:0:0:0:0:1', 'Đăng nhập', '2020-03-12 08:46:23'),
(998, 1, 'Hệ thống', '0:0:0:0:0:0:0:1', 'Đăng nhập', '2020-03-12 21:28:21'),
(999, 1, 'Hệ thống', '0:0:0:0:0:0:0:1', 'Đăng nhập', '2020-03-14 07:55:02'),
(1000, 1, 'Hệ thống', '0:0:0:0:0:0:0:1', 'Đăng nhập', '2020-03-14 08:04:53'),
(1001, 1, 'Hệ thống', '127.0.0.1', 'Đăng nhập', '2020-03-15 18:34:16'),
(1002, 1, 'Hệ thống', '0:0:0:0:0:0:0:1', 'Đăng nhập', '2020-03-15 18:35:39'),
(1003, 1, 'Hệ thống', '0:0:0:0:0:0:0:1', 'Đăng nhập', '2020-03-16 21:16:19'),
(1004, 1, 'Hệ thống', '0:0:0:0:0:0:0:1', 'Đăng nhập', '2020-03-17 00:47:58'),
(1005, 1, 'Hệ thống', '0:0:0:0:0:0:0:1', 'Đăng nhập', '2020-03-17 00:53:08'),
(1006, 1, 'Hệ thống', '0:0:0:0:0:0:0:1', 'Đăng nhập', '2020-03-17 00:56:52'),
(1007, 1, 'Hệ thống', '0:0:0:0:0:0:0:1', 'Đăng nhập', '2020-03-17 01:45:48'),
(1008, 1, 'Hệ thống', '0:0:0:0:0:0:0:1', 'Đăng nhập', '2020-03-17 08:18:24'),
(1009, 1, 'Hệ thống', '0:0:0:0:0:0:0:1', 'Đăng xuất', '2020-03-17 08:19:50'),
(1010, 1, 'Hệ thống', '0:0:0:0:0:0:0:1', 'Đăng nhập', '2020-03-17 08:20:00'),
(1011, 1, 'Hệ thống', '0:0:0:0:0:0:0:1', 'Đăng nhập', '2020-03-17 08:21:27'),
(1012, 1, 'Hệ thống', '0:0:0:0:0:0:0:1', 'Đăng xuất', '2020-03-17 08:28:26'),
(1013, 1, 'Hệ thống', '0:0:0:0:0:0:0:1', 'Đăng nhập', '2020-03-17 08:28:31'),
(1014, 1, 'Hệ thống', '0:0:0:0:0:0:0:1', 'Đăng nhập', '2020-03-17 08:32:09'),
(1015, 1, 'Hệ thống', '0:0:0:0:0:0:0:1', 'Đăng nhập', '2020-03-17 09:25:16'),
(1016, 1, 'Hệ thống', '0:0:0:0:0:0:0:1', 'Đăng nhập', '2020-03-17 09:28:19'),
(1017, 1, 'Hệ thống', '0:0:0:0:0:0:0:1', 'Đăng nhập', '2020-03-17 09:34:43'),
(1018, 1, 'Hệ thống', '0:0:0:0:0:0:0:1', 'Đăng nhập', '2020-03-17 09:38:13'),
(1019, 1, 'Hệ thống', '0:0:0:0:0:0:0:1', 'Đăng nhập', '2020-03-17 09:47:33'),
(1020, 1, 'Hệ thống', '0:0:0:0:0:0:0:1', 'Đăng nhập', '2020-03-17 09:50:26'),
(1021, 1, 'Hệ thống', '0:0:0:0:0:0:0:1', 'Đăng nhập', '2020-03-17 09:52:29'),
(1022, 1, 'Hệ thống', '0:0:0:0:0:0:0:1', 'Đăng nhập', '2020-03-17 10:03:38'),
(1023, 1, 'Hệ thống', '0:0:0:0:0:0:0:1', 'Đăng nhập', '2020-03-17 10:47:43'),
(1024, 1, 'Hệ thống', '0:0:0:0:0:0:0:1', 'Đăng nhập', '2020-03-17 10:52:07'),
(1025, 1, 'Hệ thống', '0:0:0:0:0:0:0:1', 'Đăng nhập', '2020-03-17 10:55:47'),
(1026, 1, 'Hệ thống', '0:0:0:0:0:0:0:1', 'Đăng nhập', '2020-03-17 10:59:44'),
(1027, 1, 'Hệ thống', '0:0:0:0:0:0:0:1', 'Đăng nhập', '2020-03-17 11:06:12'),
(1028, 1, 'Hệ thống', '0:0:0:0:0:0:0:1', 'Đăng nhập', '2020-03-17 11:12:03'),
(1029, 1, 'Hệ thống', '0:0:0:0:0:0:0:1', 'Đăng nhập', '2020-03-17 11:23:16'),
(1030, 1, 'Hệ thống', '0:0:0:0:0:0:0:1', 'Đăng nhập', '2020-03-17 11:45:10'),
(1031, 1, 'Hệ thống', '0:0:0:0:0:0:0:1', 'Đăng nhập', '2020-03-17 11:47:13'),
(1032, 1, 'Hệ thống', '0:0:0:0:0:0:0:1', 'Đăng nhập', '2020-03-17 12:00:28'),
(1033, 1, 'Hệ thống', '0:0:0:0:0:0:0:1', 'Đăng nhập', '2020-03-17 12:02:04'),
(1034, 1, 'Hệ thống', '0:0:0:0:0:0:0:1', 'Đăng nhập', '2020-03-17 13:06:45'),
(1035, 1, 'Hệ thống', '0:0:0:0:0:0:0:1', 'Đăng nhập', '2020-03-17 19:15:32'),
(1036, 1, 'Hệ thống', '0:0:0:0:0:0:0:1', 'Đăng nhập', '2020-03-17 20:17:11'),
(1037, 1, 'Hệ thống', '0:0:0:0:0:0:0:1', 'Đăng nhập', '2020-03-17 21:00:01'),
(1038, 1, 'Hệ thống', '0:0:0:0:0:0:0:1', 'Đăng nhập', '2020-03-17 21:44:36'),
(1039, 1, 'Hệ thống', '0:0:0:0:0:0:0:1', 'Đăng nhập', '2020-03-17 23:38:43'),
(1040, 1, 'Hệ thống', '0:0:0:0:0:0:0:1', 'Đăng nhập', '2020-03-18 00:38:02'),
(1041, 1, 'Hệ thống', '0:0:0:0:0:0:0:1', 'Đăng nhập', '2020-03-18 00:41:18'),
(1042, 1, 'Hệ thống', '0:0:0:0:0:0:0:1', 'Đăng nhập', '2020-03-18 00:44:49'),
(1043, 1, 'Hệ thống', '0:0:0:0:0:0:0:1', 'Đăng nhập', '2020-03-18 01:43:14'),
(1044, 1, 'Hệ thống', '0:0:0:0:0:0:0:1', 'Đăng nhập', '2020-03-18 02:01:03'),
(1045, 1, 'Hệ thống', '0:0:0:0:0:0:0:1', 'Đăng nhập', '2020-03-18 02:27:49'),
(1046, 1, 'Hệ thống', '0:0:0:0:0:0:0:1', 'Đăng nhập', '2020-03-18 02:57:51'),
(1047, 1, 'Hệ thống', '0:0:0:0:0:0:0:1', 'Đăng nhập', '2020-03-18 04:06:45'),
(1048, 1, 'Hệ thống', '0:0:0:0:0:0:0:1', 'Đăng nhập', '2020-03-18 04:10:11'),
(1049, 1, 'Hệ thống', '0:0:0:0:0:0:0:1', 'Đăng nhập', '2020-03-18 08:27:24'),
(1050, 1, 'Hệ thống', '0:0:0:0:0:0:0:1', 'Đăng nhập', '2020-03-18 09:02:17'),
(1051, 1, 'Hệ thống', '0:0:0:0:0:0:0:1', 'Đăng nhập', '2020-03-18 10:11:49'),
(1052, 1, 'Hệ thống', '0:0:0:0:0:0:0:1', 'Đăng nhập', '2020-03-18 10:35:26'),
(1053, 1, 'Hệ thống', '0:0:0:0:0:0:0:1', 'Đăng nhập', '2020-03-18 10:43:48'),
(1054, 1, 'Hệ thống', '0:0:0:0:0:0:0:1', 'Đăng nhập', '2020-03-18 11:18:04'),
(1055, 1, 'Hệ thống', '0:0:0:0:0:0:0:1', 'Đăng nhập', '2020-03-18 18:35:08'),
(1056, 1, 'Hệ thống', '0:0:0:0:0:0:0:1', 'Đăng nhập', '2020-03-18 19:33:05'),
(1057, 1, 'Hệ thống', '0:0:0:0:0:0:0:1', 'Đăng nhập', '2020-03-18 20:23:35'),
(1058, 1, 'Hệ thống', '0:0:0:0:0:0:0:1', 'Đăng nhập', '2020-03-18 21:12:35'),
(1059, 1, 'Hệ thống', '0:0:0:0:0:0:0:1', 'Đăng nhập', '2020-03-18 21:20:13'),
(1060, 1, 'Hệ thống', '0:0:0:0:0:0:0:1', 'Đăng nhập', '2020-03-18 23:55:18'),
(1061, 1, 'Hệ thống', '0:0:0:0:0:0:0:1', 'Đăng nhập', '2020-03-19 00:04:12'),
(1062, 1, 'Hệ thống', '0:0:0:0:0:0:0:1', 'Đăng nhập', '2020-03-19 00:21:43'),
(1063, 1, 'Hệ thống', '0:0:0:0:0:0:0:1', 'Đăng nhập', '2020-03-19 01:52:10'),
(1064, 1, 'Hệ thống', '0:0:0:0:0:0:0:1', 'Đăng nhập', '2020-03-19 01:54:46'),
(1065, 1, 'Hệ thống', '0:0:0:0:0:0:0:1', 'Đăng nhập', '2020-03-19 02:06:19'),
(1066, 1, 'Hệ thống', '0:0:0:0:0:0:0:1', 'Đăng nhập', '2020-03-19 02:34:10'),
(1067, 1, 'Hệ thống', '0:0:0:0:0:0:0:1', 'Đăng nhập', '2020-03-19 03:21:13'),
(1068, 1, 'Hệ thống', '0:0:0:0:0:0:0:1', 'Đăng nhập', '2020-03-19 04:40:56'),
(1069, 1, 'Hệ thống', '0:0:0:0:0:0:0:1', 'Đăng nhập', '2020-03-20 21:08:22'),
(1070, 1, 'Hệ thống', '0:0:0:0:0:0:0:1', 'Đăng nhập', '2020-03-20 21:40:48'),
(1071, 1, 'Hệ thống', '0:0:0:0:0:0:0:1', 'Đăng nhập', '2020-03-20 21:46:13'),
(1072, 1, 'Hệ thống', '0:0:0:0:0:0:0:1', 'Đăng nhập', '2020-03-22 01:13:59'),
(1073, 1, 'Hệ thống', '0:0:0:0:0:0:0:1', 'Đăng nhập', '2020-03-22 02:21:35'),
(1074, 1, 'Hệ thống', '0:0:0:0:0:0:0:1', 'Đăng nhập', '2020-03-22 02:24:50'),
(1075, 1, 'Hệ thống', '0:0:0:0:0:0:0:1', 'Đăng nhập', '2020-03-22 21:24:25'),
(1076, 1, 'Hệ thống', '0:0:0:0:0:0:0:1', 'Đăng nhập', '2020-03-22 21:29:38'),
(1077, 1, 'Hệ thống', '0:0:0:0:0:0:0:1', 'Đăng nhập', '2020-03-22 23:53:19'),
(1078, 1, 'Hệ thống', '0:0:0:0:0:0:0:1', 'Đăng nhập', '2020-03-23 00:16:58'),
(1079, 1, 'Hệ thống', '0:0:0:0:0:0:0:1', 'Đăng nhập', '2020-03-23 00:22:17'),
(1080, 1, 'Hệ thống', '0:0:0:0:0:0:0:1', 'Đăng nhập', '2020-03-23 01:13:19'),
(1081, 1, 'Hệ thống', '0:0:0:0:0:0:0:1', 'Đăng nhập', '2020-03-23 01:18:08'),
(1082, 1, 'Hệ thống', '0:0:0:0:0:0:0:1', 'Đăng nhập', '2020-03-23 01:49:56'),
(1083, 1, 'Hệ thống', '0:0:0:0:0:0:0:1', 'Đăng nhập', '2020-03-23 07:34:17'),
(1084, 1, 'Hệ thống', '0:0:0:0:0:0:0:1', 'Đăng nhập', '2020-03-23 08:36:50'),
(1085, 1, 'Hệ thống', '0:0:0:0:0:0:0:1', 'Đăng nhập', '2020-03-23 08:49:58'),
(1086, 1, 'Hệ thống', '0:0:0:0:0:0:0:1', 'Đăng nhập', '2020-03-23 09:46:32'),
(1087, 1, 'Hệ thống', '0:0:0:0:0:0:0:1', 'Đăng nhập', '2020-03-23 10:07:01'),
(1088, 1, 'Hệ thống', '0:0:0:0:0:0:0:1', 'Đăng nhập', '2020-03-23 18:15:51'),
(1089, 1, 'Hệ thống', '0:0:0:0:0:0:0:1', 'Đăng nhập', '2020-03-24 01:31:12'),
(1090, 1, 'Hệ thống', '0:0:0:0:0:0:0:1', 'Đăng nhập', '2020-03-24 09:44:43'),
(1091, 1, 'Hệ thống', '0:0:0:0:0:0:0:1', 'Đăng nhập', '2020-03-24 12:11:51'),
(1092, 1, 'Hệ thống', '0:0:0:0:0:0:0:1', 'Đăng nhập', '2020-03-25 08:33:38'),
(1093, 1, 'Hệ thống', '0:0:0:0:0:0:0:1', 'Đăng nhập', '2020-03-25 09:41:00'),
(1094, 1, 'Hệ thống', '0:0:0:0:0:0:0:1', 'Đăng nhập', '2020-03-25 18:17:12'),
(1095, 1, 'Hệ thống', '0:0:0:0:0:0:0:1', 'Đăng nhập', '2020-03-25 19:09:49'),
(1096, 1, 'Hệ thống', '0:0:0:0:0:0:0:1', 'Đăng nhập', '2020-03-25 19:29:39'),
(1097, 1, 'Hệ thống', '0:0:0:0:0:0:0:1', 'Đăng nhập', '2020-03-25 19:35:03'),
(1098, 1, 'Hệ thống', '0:0:0:0:0:0:0:1', 'Đăng nhập', '2020-03-25 22:30:34'),
(1099, 1, 'Hệ thống', '0:0:0:0:0:0:0:1', 'Đăng nhập', '2020-03-26 02:41:10'),
(1100, 1, 'Hệ thống', '0:0:0:0:0:0:0:1', 'Đăng nhập', '2020-03-26 03:37:59'),
(1101, 1, 'Hệ thống', '0:0:0:0:0:0:0:1', 'Đăng nhập', '2020-03-26 07:29:04'),
(1102, 1, 'Hệ thống', '0:0:0:0:0:0:0:1', 'Đăng nhập', '2020-03-26 09:11:27'),
(1103, 1, 'Hệ thống', '0:0:0:0:0:0:0:1', 'Đăng nhập', '2020-03-26 18:04:38'),
(1104, 1, 'Hệ thống', '0:0:0:0:0:0:0:1', 'Đăng nhập', '2020-03-26 18:46:18'),
(1105, 1, 'Hệ thống', '0:0:0:0:0:0:0:1', 'Đăng nhập', '2020-03-26 19:56:11'),
(1106, 1, 'Hệ thống', '0:0:0:0:0:0:0:1', 'Đăng nhập', '2020-03-26 20:01:03'),
(1107, 1, 'Hệ thống', '0:0:0:0:0:0:0:1', 'Đăng nhập', '2020-03-26 20:06:19'),
(1108, 1, 'Hệ thống', '0:0:0:0:0:0:0:1', 'Đăng nhập', '2020-03-26 20:16:59'),
(1109, 1, 'Hệ thống', '0:0:0:0:0:0:0:1', 'Đăng nhập', '2020-03-26 20:38:15'),
(1110, 1, 'Hệ thống', '0:0:0:0:0:0:0:1', 'Đăng nhập', '2020-03-26 20:42:52'),
(1111, 1, 'Hệ thống', '0:0:0:0:0:0:0:1', 'Đăng nhập', '2020-03-26 21:42:06'),
(1112, 1, 'Hệ thống', '0:0:0:0:0:0:0:1', 'Đăng nhập', '2020-03-26 21:45:16'),
(1113, 1, 'Hệ thống', '0:0:0:0:0:0:0:1', 'Đăng nhập', '2020-03-26 21:48:44'),
(1114, 1, 'Hệ thống', '0:0:0:0:0:0:0:1', 'Đăng nhập', '2020-03-26 21:54:55'),
(1115, 1, 'Hệ thống', '0:0:0:0:0:0:0:1', 'Đăng nhập', '2020-03-26 22:28:22'),
(1116, 1, 'Hệ thống', '0:0:0:0:0:0:0:1', 'Đăng nhập', '2020-03-26 22:35:57'),
(1117, 1, 'Hệ thống', '0:0:0:0:0:0:0:1', 'Đăng nhập', '2020-03-26 23:59:22'),
(1118, 1, 'Hệ thống', '0:0:0:0:0:0:0:1', 'Đăng nhập', '2020-03-27 01:15:05'),
(1119, 1, 'Hệ thống', '0:0:0:0:0:0:0:1', 'Đăng nhập', '2020-03-27 01:32:18'),
(1120, 1, 'Hệ thống', '0:0:0:0:0:0:0:1', 'Đăng nhập', '2020-03-27 01:53:58'),
(1121, 1, 'Hệ thống', '127.0.0.1', 'Đăng nhập', '2020-03-27 02:06:07'),
(1122, 1, 'Hệ thống', '0:0:0:0:0:0:0:1', 'Đăng nhập', '2020-03-27 02:09:22'),
(1123, 1, 'Hệ thống', '0:0:0:0:0:0:0:1', 'Đăng nhập', '2020-03-27 08:07:06'),
(1124, 1, 'Hệ thống', '0:0:0:0:0:0:0:1', 'Đăng nhập', '2020-03-27 08:49:16'),
(1125, 1, 'Hệ thống', '0:0:0:0:0:0:0:1', 'Đăng nhập', '2020-03-27 09:03:23'),
(1126, 1, 'Hệ thống', '0:0:0:0:0:0:0:1', 'Đăng nhập', '2020-03-27 09:33:51'),
(1127, 1, 'Hệ thống', '0:0:0:0:0:0:0:1', 'Đăng nhập', '2020-03-27 10:06:13'),
(1128, 1, 'Hệ thống', '0:0:0:0:0:0:0:1', 'Đăng nhập', '2020-03-27 21:45:18'),
(1129, 1, 'Hệ thống', '0:0:0:0:0:0:0:1', 'Đăng nhập', '2020-03-27 21:56:01'),
(1130, 1, 'Hệ thống', '0:0:0:0:0:0:0:1', 'Đăng nhập', '2020-03-27 22:13:42'),
(1131, 1, 'Hệ thống', '0:0:0:0:0:0:0:1', 'Đăng nhập', '2020-03-28 01:12:13'),
(1132, 1, 'Hệ thống', '0:0:0:0:0:0:0:1', 'Đăng nhập', '2020-03-28 03:55:48'),
(1133, 1, 'Hệ thống', '0:0:0:0:0:0:0:1', 'Đăng nhập', '2020-03-28 04:18:51'),
(1134, 1, 'Hệ thống', '0:0:0:0:0:0:0:1', 'Đăng nhập', '2020-03-28 04:22:30'),
(1135, 1, 'Hệ thống', '0:0:0:0:0:0:0:1', 'Đăng nhập', '2020-03-28 04:31:13'),
(1136, 1, 'Hệ thống', '0:0:0:0:0:0:0:1', 'Đăng nhập', '2020-03-28 04:43:15'),
(1137, 1, 'Hệ thống', '0:0:0:0:0:0:0:1', 'Đăng nhập', '2020-03-28 04:44:44'),
(1138, 1, 'Hệ thống', '0:0:0:0:0:0:0:1', 'Đăng nhập', '2020-03-28 04:49:34'),
(1139, 1, 'Hệ thống', '0:0:0:0:0:0:0:1', 'Đăng nhập', '2020-03-28 05:05:37'),
(1140, 1, 'Hệ thống', '0:0:0:0:0:0:0:1', 'Đăng nhập', '2020-03-28 05:07:34'),
(1141, 1, 'Hệ thống', '0:0:0:0:0:0:0:1', 'Đăng nhập', '2020-03-28 05:12:49'),
(1142, 1, 'Hệ thống', '0:0:0:0:0:0:0:1', 'Đăng nhập', '2020-03-28 05:14:12'),
(1143, 1, 'Hệ thống', '0:0:0:0:0:0:0:1', 'Đăng nhập', '2020-03-28 05:20:22'),
(1144, 1, 'Hệ thống', '0:0:0:0:0:0:0:1', 'Đăng nhập', '2020-03-28 05:21:19'),
(1145, 1, 'Hệ thống', '0:0:0:0:0:0:0:1', 'Đăng nhập', '2020-03-28 05:22:22'),
(1146, 1, 'Hệ thống', '0:0:0:0:0:0:0:1', 'Đăng nhập', '2020-03-28 05:25:33'),
(1147, 1, 'Hệ thống', '0:0:0:0:0:0:0:1', 'Đăng nhập', '2020-03-28 05:50:08'),
(1148, 1, 'Hệ thống', '0:0:0:0:0:0:0:1', 'Đăng nhập', '2020-03-28 05:51:23'),
(1149, 1, 'Hệ thống', '0:0:0:0:0:0:0:1', 'Đăng nhập', '2020-03-28 05:54:18'),
(1150, 1, 'Hệ thống', '0:0:0:0:0:0:0:1', 'Đăng nhập', '2020-03-28 05:57:17'),
(1151, 1, 'Hệ thống', '0:0:0:0:0:0:0:1', 'Đăng nhập', '2020-03-28 05:58:32'),
(1152, 1, 'Hệ thống', '0:0:0:0:0:0:0:1', 'Đăng nhập', '2020-03-28 06:07:37'),
(1153, 1, 'Hệ thống', '0:0:0:0:0:0:0:1', 'Đăng nhập', '2020-03-28 06:39:33'),
(1154, 1, 'Hệ thống', '0:0:0:0:0:0:0:1', 'Đăng nhập', '2020-03-28 06:41:34'),
(1155, 1, 'Hệ thống', '0:0:0:0:0:0:0:1', 'Đăng nhập', '2020-03-28 06:44:49'),
(1156, 1, 'Hệ thống', '0:0:0:0:0:0:0:1', 'Đăng nhập', '2020-03-28 06:51:12'),
(1157, 1, 'Hệ thống', '0:0:0:0:0:0:0:1', 'Đăng nhập', '2020-03-30 08:35:57'),
(1158, 1, 'Hệ thống', '0:0:0:0:0:0:0:1', 'Đăng nhập', '2020-03-30 08:37:35');

-- --------------------------------------------------------

--
-- Table structure for table `adm_users`
--

CREATE TABLE `adm_users` (
  `ID` int(10) NOT NULL,
  `USER_NAME` varchar(20) NOT NULL,
  `PASSWORD` varchar(100) NOT NULL,
  `FULL_NAME` varchar(100) NOT NULL,
  `DESCRIPTION` varchar(200) DEFAULT NULL,
  `LAST_ACCESS_TIME` date DEFAULT NULL,
  `STATUS` int(10) NOT NULL,
  `GEN_DATE` timestamp NULL DEFAULT NULL,
  `LAST_UPDATED` timestamp NULL DEFAULT NULL
) ENGINE=InnoDB DEFAULT CHARSET=utf8;

--
-- Dumping data for table `adm_users`
--

INSERT INTO `adm_users` (`ID`, `USER_NAME`, `PASSWORD`, `FULL_NAME`, `DESCRIPTION`, `LAST_ACCESS_TIME`, `STATUS`, `GEN_DATE`, `LAST_UPDATED`) VALUES
(1, 'admin', '$2a$10$6XJsNNVh3VR0tzq7SqunPeSaoQJTu9QypXvVaUg1onrFftQ3VB0mu', 'Trần Hùng', 'đây là admin', '2017-12-26', 1, '2017-12-25 21:14:31', '2017-12-25 21:14:31'),
(729, 'dang_bai', '$2a$10$vDlYBwWEEPOMjMXJwnMpQu2XiAZF2YOJjXMtmhPZHKb9EpJMB.zu2', 'Nguyễn Văn Thiện', 'Chỉ có phép đăng bài', NULL, 1, '2020-03-06 01:22:38', '2020-03-06 01:22:38');

-- --------------------------------------------------------

--
-- Table structure for table `tqc_article`
--

CREATE TABLE `tqc_article` (
  `ID` int(11) NOT NULL,
  `CONTENT` text CHARACTER SET utf8 COLLATE utf8_unicode_ci NOT NULL,
  `GEN_DATE` timestamp NOT NULL DEFAULT current_timestamp() ON UPDATE current_timestamp(),
  `TITLE` text COLLATE utf8mb4_unicode_ci NOT NULL,
  `short_content` text COLLATE utf8mb4_unicode_ci NOT NULL
) ENGINE=InnoDB DEFAULT CHARSET=utf8mb4 COLLATE=utf8mb4_unicode_ci;

-- --------------------------------------------------------

--
-- Table structure for table `tqc_customer`
--

CREATE TABLE `tqc_customer` (
  `ID` int(11) NOT NULL,
  `USER_NAME` text DEFAULT NULL,
  `PASSWORD` text DEFAULT NULL,
  `EMAIL` text DEFAULT NULL,
  `STATUS` int(11) DEFAULT NULL,
  `GEN_DATE` timestamp NULL DEFAULT NULL,
  `LAST_UPDATE` timestamp NULL DEFAULT NULL,
  `SCAN` int(11) DEFAULT NULL,
  `RESET_DATE` timestamp NULL DEFAULT NULL,
  `CODE_RESET` text DEFAULT NULL
) ENGINE=InnoDB DEFAULT CHARSET=utf8mb4;

--
-- Dumping data for table `tqc_customer`
--

INSERT INTO `tqc_customer` (`ID`, `USER_NAME`, `PASSWORD`, `EMAIL`, `STATUS`, `GEN_DATE`, `LAST_UPDATE`, `SCAN`, `RESET_DATE`, `CODE_RESET`) VALUES
(38, 'tk123', 'b0f8b3e58f093359fe1af416b5ea8ed6', 'nguyenthienat10a@gmail.com', 1, '2020-03-23 08:36:02', '2020-03-23 08:36:02', 0, NULL, NULL),
(39, 'tk2', '25f9e794323b453885f5181f1b624d0b', 'nguyenthienat10a@gmail.com', 1, '2020-03-23 08:36:21', '2020-03-23 08:36:21', 0, NULL, NULL),
(40, 'tk3', '25d55ad283aa400af464c76d713c07ad', 'nguyenthienat10a@gmail.com', 1, '2020-03-23 08:36:40', '2020-03-23 08:36:40', 0, '2020-03-25 07:52:56', ''),
(41, 'tk1', '25f9e794323b453885f5181f1b624d0b', 'nguyenthienat10a@gmail.com', 1, '2020-03-27 11:18:41', '2020-03-27 11:18:41', 0, NULL, NULL),
(42, 'clailongivay', '25f9e794323b453885f5181f1b624d0b', 'nguyenthienat10a@gmail.com', 1, '2020-03-28 23:56:01', '2020-03-28 23:56:01', 0, NULL, NULL),
(43, 'cailongithe', '25f9e794323b453885f5181f1b624d0b', 'nguyenthienat10a@gmail.com', 1, '2020-03-29 00:37:20', '2020-03-29 00:37:20', 0, NULL, NULL),
(44, 'corona2019', '25f9e794323b453885f5181f1b624d0b', 'nguyenthienat10a@gmail.com', 1, '2020-03-29 00:47:31', '2020-03-29 00:47:31', 0, NULL, NULL);

--
-- Indexes for dumped tables
--

--
-- Indexes for table `adm_group`
--
ALTER TABLE `adm_group`
  ADD UNIQUE KEY `PK_ADM_GROUP` (`ID`);

--
-- Indexes for table `adm_group_authorities`
--
ALTER TABLE `adm_group_authorities`
  ADD UNIQUE KEY `PK_ADM_GROUP_AUTHORITIES` (`GROUP_ID`,`AUTHORITY`);

--
-- Indexes for table `adm_group_user`
--
ALTER TABLE `adm_group_user`
  ADD UNIQUE KEY `PK_ADM_GROUP_USER1` (`GROUP_ID`,`USER_ID`);

--
-- Indexes for table `adm_log_access`
--
ALTER TABLE `adm_log_access`
  ADD PRIMARY KEY (`ID`);

--
-- Indexes for table `adm_users`
--
ALTER TABLE `adm_users`
  ADD UNIQUE KEY `PK_ADM_USERS` (`ID`),
  ADD UNIQUE KEY `UNIQUE_USER_USERNAME` (`USER_NAME`);

--
-- Indexes for table `tqc_article`
--
ALTER TABLE `tqc_article`
  ADD PRIMARY KEY (`ID`);

--
-- Indexes for table `tqc_customer`
--
ALTER TABLE `tqc_customer`
  ADD PRIMARY KEY (`ID`);

--
-- AUTO_INCREMENT for dumped tables
--

--
-- AUTO_INCREMENT for table `adm_group`
--
ALTER TABLE `adm_group`
  MODIFY `ID` int(10) NOT NULL AUTO_INCREMENT, AUTO_INCREMENT=421;

--
-- AUTO_INCREMENT for table `adm_log_access`
--
ALTER TABLE `adm_log_access`
  MODIFY `ID` int(10) NOT NULL AUTO_INCREMENT, AUTO_INCREMENT=1159;

--
-- AUTO_INCREMENT for table `adm_users`
--
ALTER TABLE `adm_users`
  MODIFY `ID` int(10) NOT NULL AUTO_INCREMENT, AUTO_INCREMENT=730;

--
-- AUTO_INCREMENT for table `tqc_article`
--
ALTER TABLE `tqc_article`
  MODIFY `ID` int(11) NOT NULL AUTO_INCREMENT, AUTO_INCREMENT=15;

--
-- AUTO_INCREMENT for table `tqc_customer`
--
ALTER TABLE `tqc_customer`
  MODIFY `ID` int(11) NOT NULL AUTO_INCREMENT, AUTO_INCREMENT=45;
COMMIT;

/*!40101 SET CHARACTER_SET_CLIENT=@OLD_CHARACTER_SET_CLIENT */;
/*!40101 SET CHARACTER_SET_RESULTS=@OLD_CHARACTER_SET_RESULTS */;
/*!40101 SET COLLATION_CONNECTION=@OLD_COLLATION_CONNECTION */;
